-- phpMyAdmin SQL Dump
-- version 5.0.2
-- https://www.phpmyadmin.net/
--
-- Anamakine: 127.0.0.1:3306
-- Üretim Zamanı: 01 Şub 2021, 14:55:39
-- Sunucu sürümü: 5.7.31
-- PHP Sürümü: 7.3.21

SET SQL_MODE = "NO_AUTO_VALUE_ON_ZERO";
START TRANSACTION;
SET time_zone = "+00:00";


/*!40101 SET @OLD_CHARACTER_SET_CLIENT=@@CHARACTER_SET_CLIENT */;
/*!40101 SET @OLD_CHARACTER_SET_RESULTS=@@CHARACTER_SET_RESULTS */;
/*!40101 SET @OLD_COLLATION_CONNECTION=@@COLLATION_CONNECTION */;
/*!40101 SET NAMES utf8mb4 */;

--
-- Veritabanı: `karar_destek`
--

DELIMITER $$
--
-- Yordamlar
--
DROP PROCEDURE IF EXISTS `1`$$
CREATE DEFINER=`root`@`localhost` PROCEDURE `1` ()  NO SQL
SELECT COUNT(cihaz.ip) as cihaz_sayisi FROM cihaz$$

DROP PROCEDURE IF EXISTS `10`$$
CREATE DEFINER=`root`@`localhost` PROCEDURE `10` ()  NO SQL
SELECT DISTINCT TT.yil, SUM(TT.value1) AS windows_zafiyet_sayisi, SUM(TT.value2) AS linux_zafiyet_sayisi, SUM(TT.value3) AS unix_zafiyet_sayisi
      FROM (select IFNULL(t.yil,0) as yil,IFNULL(t.value1,0) as value1,IFNULL(t.value2,0) as value2,IFNULL(t.value3,0) as value3
      from (
        select coalesce(t.yil, t3.yil) yil,
          t.value1,
          t.value2,
          t3.value value3
        from (
          select coalesce(t1.yil, t2.yil) yil,
            t1.value value1,
            t2.value value2
          from (SELECT RIGHT(zafiyet.yayinlanma,4) as yil, COUNT(zafiyet.cve_kodu) as value
            FROM zafiyet, baglanti,isletim
            WHERE zafiyet.cve_kodu=baglanti.cve_kodu
            AND baglanti.isletim_id=isletim.isletim_id
            AND isletim.aile='Windows'
            GROUP BY yil) as t1
          left join (SELECT RIGHT(zafiyet.yayinlanma,4) as yil, COUNT(zafiyet.cve_kodu) as value
            FROM zafiyet, baglanti,isletim
            WHERE zafiyet.cve_kodu=baglanti.cve_kodu
            AND baglanti.isletim_id=isletim.isletim_id
            AND isletim.aile='Linux'
            GROUP BY yil) as t2 on RIGHT(t2.value, 1) = RIGHT(t1.value, 1)
            and t1.yil = t2.yil
          
          union all
          
          select coalesce(t1.yil, t2.yil),
            t1.value,
            t2.value
          from (SELECT RIGHT(zafiyet.yayinlanma,4) as yil, COUNT(zafiyet.cve_kodu) as value
            FROM zafiyet, baglanti,isletim
            WHERE zafiyet.cve_kodu=baglanti.cve_kodu
            AND baglanti.isletim_id=isletim.isletim_id
            AND isletim.aile='Windows'
            GROUP BY yil) as t1
          right join (SELECT RIGHT(zafiyet.yayinlanma,4) as yil, COUNT(zafiyet.cve_kodu) as value
            FROM zafiyet, baglanti,isletim
            WHERE zafiyet.cve_kodu=baglanti.cve_kodu
            AND baglanti.isletim_id=isletim.isletim_id
            AND isletim.aile='Linux'
            GROUP BY yil) as t2 on RIGHT(t2.value, 1) = RIGHT(t1.value, 1)
            and t1.yil = t2.yil
          where not exists (
              select 1
              from (SELECT RIGHT(zafiyet.yayinlanma,4) as yil, COUNT(zafiyet.cve_kodu) as value
            FROM zafiyet, baglanti,isletim
            WHERE zafiyet.cve_kodu=baglanti.cve_kodu
            AND baglanti.isletim_id=isletim.isletim_id
            AND isletim.aile='Windows'
            GROUP BY yil) t
              where t.yil = t2.yil
                and right(t.value, 1) = right(t2.value, 1)
              )
          ) t
        right join (SELECT RIGHT(zafiyet.yayinlanma,4) as yil, COUNT(zafiyet.cve_kodu) as value
            FROM zafiyet, baglanti,isletim
            WHERE zafiyet.cve_kodu=baglanti.cve_kodu
            AND baglanti.isletim_id=isletim.isletim_id
            AND isletim.aile='Unix'
            GROUP BY yil) t3 on t.yil = t3.yil
          and right(coalesce(t.value1, t.value2), 1) = right(t3.value, 1)
        
        union all
        
        select coalesce(t.yil, t3.yil) yil,
          t.value1,
          t.value2,
          t3.value value3
        from (
          select coalesce(t1.yil, t2.yil) yil,
            t1.value value1,
            t2.value value2
          from (SELECT RIGHT(zafiyet.yayinlanma,4) as yil, COUNT(zafiyet.cve_kodu) as value
            FROM zafiyet, baglanti,isletim
            WHERE zafiyet.cve_kodu=baglanti.cve_kodu
            AND baglanti.isletim_id=isletim.isletim_id
            AND isletim.aile='Windows'
            GROUP BY yil) as t1
          left join (SELECT RIGHT(zafiyet.yayinlanma,4) as yil, COUNT(zafiyet.cve_kodu) as value
            FROM zafiyet, baglanti,isletim
            WHERE zafiyet.cve_kodu=baglanti.cve_kodu
            AND baglanti.isletim_id=isletim.isletim_id
            AND isletim.aile='Linux'
            GROUP BY yil) as t2 on RIGHT(t2.value, 1) = RIGHT(t1.value, 1)
            and t1.yil = t2.yil
          
          union all
          
          select coalesce(t1.yil, t2.yil),
            t1.value,
            t2.value
          from (SELECT RIGHT(zafiyet.yayinlanma,4) as yil, COUNT(zafiyet.cve_kodu) as value
            FROM zafiyet, baglanti,isletim
            WHERE zafiyet.cve_kodu=baglanti.cve_kodu
            AND baglanti.isletim_id=isletim.isletim_id
            AND isletim.aile='Windows'
            GROUP BY yil) as t1
          right join (SELECT RIGHT(zafiyet.yayinlanma,4) as yil, COUNT(zafiyet.cve_kodu) as value
            FROM zafiyet, baglanti,isletim
            WHERE zafiyet.cve_kodu=baglanti.cve_kodu
            AND baglanti.isletim_id=isletim.isletim_id
            AND isletim.aile='Linux'
            GROUP BY yil) as t2 on RIGHT(t2.value, 1) = RIGHT(t1.value, 1)
            and t1.yil = t2.yil
          where not exists (
              select 1
              from (SELECT RIGHT(zafiyet.yayinlanma,4) as yil, COUNT(zafiyet.cve_kodu) as value
            FROM zafiyet, baglanti,isletim
            WHERE zafiyet.cve_kodu=baglanti.cve_kodu
            AND baglanti.isletim_id=isletim.isletim_id
            AND isletim.aile='Windows'
            GROUP BY yil) t
              where t.yil = t2.yil
                and right(t.value, 1) = right(t2.value, 1)
              )
          ) t
        left join (SELECT RIGHT(zafiyet.yayinlanma,4) as yil, COUNT(zafiyet.cve_kodu) as value
            FROM zafiyet, baglanti,isletim
            WHERE zafiyet.cve_kodu=baglanti.cve_kodu
            AND baglanti.isletim_id=isletim.isletim_id
            AND isletim.aile='Unix'
            GROUP BY yil) t3 on t.yil = t3.yil
          and right(coalesce(t.value1, t.value2), 1) = right(t3.value, 1)
        where not exists (
            select 1
            from (SELECT RIGHT(zafiyet.yayinlanma,4) as yil, COUNT(zafiyet.cve_kodu) as value
            FROM zafiyet, baglanti,isletim
            WHERE zafiyet.cve_kodu=baglanti.cve_kodu
            AND baglanti.isletim_id=isletim.isletim_id
            AND isletim.aile='Unix'
            GROUP BY yil) t2
            where t2.yil = t.yil
              and right(t2.value, 1) = right(coalesce(t.value1, t.value2), 1)
            )
        ) t
      order by yil,
        value1,
        value2,
        value3) AS TT
          
          GROUP BY TT.yil
          ORDER BY TT.yil ASC$$

DROP PROCEDURE IF EXISTS `11`$$
CREATE DEFINER=`root`@`localhost` PROCEDURE `11` ()  NO SQL
SELECT konum.ulke_id, konum.ulke, round(AVG(zafiyet.cvss_skor),2) as ort FROM konum,cihaz,baglanti,zafiyet WHERE konum.konum_id=cihaz.konum_id AND cihaz.ip=baglanti.ip AND baglanti.cve_kodu=zafiyet.cve_kodu GROUP BY konum.ulke$$

DROP PROCEDURE IF EXISTS `12`$$
CREATE DEFINER=`root`@`localhost` PROCEDURE `12` (IN `ulke` VARCHAR(11))  NO SQL
SELECT cihaz.ad, konum.ulke 
                    FROM konum,cihaz
                    WHERE konum.konum_id=cihaz.konum_id
                    AND konum.ulke LIKE CONCAT('%',ulke,'%')$$

DROP PROCEDURE IF EXISTS `13`$$
CREATE DEFINER=`root`@`localhost` PROCEDURE `13` ()  NO SQL
SELECT konum.ulke_id, konum.ulke, konum.sehir, konum.konum_id, cihaz.ip, cihaz.ad as cihaz_adi, yazilim.ad AS yazilim_adi, yazilim.uretici, zafiyet.*, isletim.ad as isletim_adi, isletim.uretici as isletim_uretici, isletim.aile as isletim_aile
                    FROM konum,cihaz,baglanti,zafiyet,yazilim,isletim
                    WHERE konum.konum_id=cihaz.konum_id
                    AND cihaz.ip=baglanti.ip
                    AND baglanti.yazilim_id=yazilim.yazilim_id
                    AND baglanti.isletim_id=isletim.isletim_id
                    AND baglanti.cve_kodu = zafiyet.cve_kodu$$

DROP PROCEDURE IF EXISTS `14`$$
CREATE DEFINER=`root`@`localhost` PROCEDURE `14` ()  NO SQL
SELECT yazilim.ad
            FROM yazilim
            UNION
            SELECT isletim.ad
            FROM isletim$$

DROP PROCEDURE IF EXISTS `15`$$
CREATE DEFINER=`root`@`localhost` PROCEDURE `15` (IN `secilen_yazilim` VARCHAR(50))  NO SQL
SELECT yazilim.*, COUNT(zafiyet.cvss_skor) as zafiyet_sayisi
        FROM zafiyet,baglanti,yazilim
        WHERE zafiyet.cve_kodu=baglanti.cve_kodu
        AND baglanti.yazilim_id=yazilim.yazilim_id
        and yazilim.ad = secilen_yazilim
        GROUP BY yazilim.ad
        UNION
        
        SELECT isletim.isletim_id, isletim.ad, isletim.uretici, isletim.fiyat,COUNT(zafiyet.cvss_skor) as zafiyet_sayisi
        FROM zafiyet,baglanti,isletim
        WHERE zafiyet.cve_kodu=baglanti.cve_kodu
        AND baglanti.isletim_id=isletim.isletim_id
        and isletim.ad = secilen_yazilim
        GROUP BY isletim.ad$$

DROP PROCEDURE IF EXISTS `2`$$
CREATE DEFINER=`root`@`localhost` PROCEDURE `2` ()  NO SQL
SELECT COUNT(zafiyet.cve_kodu) as zafiyet_sayisi FROM zafiyet$$

DROP PROCEDURE IF EXISTS `3`$$
CREATE DEFINER=`root`@`localhost` PROCEDURE `3` ()  NO SQL
SELECT COUNT(yazilim.yazilim_id) as yazilim_sayisi FROM yazilim$$

DROP PROCEDURE IF EXISTS `4`$$
CREATE DEFINER=`root`@`localhost` PROCEDURE `4` ()  NO SQL
SELECT COUNT(konum.konum_id) as konum_sayisi FROM konum$$

DROP PROCEDURE IF EXISTS `5`$$
CREATE DEFINER=`root`@`localhost` PROCEDURE `5` ()  NO SQL
SELECT COUNT(isletim.isletim_id) as isletim_sayisi FROM isletim$$

DROP PROCEDURE IF EXISTS `6`$$
CREATE DEFINER=`root`@`localhost` PROCEDURE `6` ()  NO SQL
SELECT round(AVG(ort),2) as sistem_riski
  FROM (SELECT IFNULL(round(zafiyet.cvss_skor,2),0) as ort
  FROM cihaz
    LEFT JOIN baglanti
        ON baglanti.ip=cihaz.ip
            LEFT JOIN zafiyet
                ON zafiyet.cve_kodu=baglanti.cve_kodu) as T$$

DROP PROCEDURE IF EXISTS `7`$$
CREATE DEFINER=`root`@`localhost` PROCEDURE `7` ()  NO SQL
SELECT konum.ulke, round(AVG(zafiyet.cvss_skor),2) as ort FROM konum,cihaz,baglanti,zafiyet WHERE konum.konum_id=cihaz.konum_id AND cihaz.ip=baglanti.ip AND baglanti.cve_kodu=zafiyet.cve_kodu GROUP BY konum.ulke$$

DROP PROCEDURE IF EXISTS `8`$$
CREATE DEFINER=`root`@`localhost` PROCEDURE `8` ()  NO SQL
SELECT cihaz.ad as cihaz_ad,COUNT(zafiyet.cve_kodu) as zafiyet_sayisi
        FROM cihaz, baglanti, zafiyet
        WHERE cihaz.ip=baglanti.ip
        AND baglanti.cve_kodu=zafiyet.cve_kodu
        GROUP BY cihaz.ip
        ORDER BY zafiyet_sayisi DESC
        LIMIT 5$$

DROP PROCEDURE IF EXISTS `9`$$
CREATE DEFINER=`root`@`localhost` PROCEDURE `9` ()  NO SQL
SELECT isletim.aile, COUNT(cihaz.ip) as cihaz_sayisi FROM isletim, baglanti, cihaz WHERE isletim.isletim_id=baglanti.isletim_id AND baglanti.ip=cihaz.ip GROUP BY isletim.aile$$

DELIMITER ;

-- --------------------------------------------------------

--
-- Tablo için tablo yapısı `baglanti`
--

DROP TABLE IF EXISTS `baglanti`;
CREATE TABLE IF NOT EXISTS `baglanti` (
  `ip` varchar(15) COLLATE utf8_turkish_ci DEFAULT NULL,
  `yazilim_id` varchar(50) COLLATE utf8_turkish_ci DEFAULT NULL,
  `isletim_id` varchar(50) COLLATE utf8_turkish_ci DEFAULT NULL,
  `cve_kodu` varchar(50) COLLATE utf8_turkish_ci DEFAULT NULL,
  KEY `ip` (`ip`),
  KEY `yazilim_id` (`yazilim_id`),
  KEY `isletim_id` (`isletim_id`),
  KEY `cve_kodu` (`cve_kodu`)
) ENGINE=InnoDB DEFAULT CHARSET=utf8 COLLATE=utf8_turkish_ci;

--
-- Tablo döküm verisi `baglanti`
--

INSERT INTO `baglanti` (`ip`, `yazilim_id`, `isletim_id`, `cve_kodu`) VALUES
('39.120.49.10', 'CHROME', 'CNTOS7', 'CVE-2017-8602'),
('23.45.242.202', 'MSOFFICE', 'UBN16.04', 'CVE-2012-5060'),
('172.192.64.57', 'MZFRFX', 'PR9.2', 'CVE-2019-17546'),
('39.120.49.10', 'OPNSSL', 'UBN14.04', 'CVE-2015-8410'),
('78.32.165.78', 'MZFRFX', 'UBN16.04', 'CVE-2016-6929'),
('25.48.169.248', 'VSCODE', 'WIN7641', 'CVE-2016-6971'),
('129.56.210.156', 'VSCODE', 'CNTOS7', 'CVE-2013-2551'),
('123.23.45.89', 'CHROME', 'UBN16.04', 'CVE-2014-1824'),
('165.235.247.254', 'MSOFFICE', 'SLRS11', 'CVE-2012-0574'),
('56.48.148.159', 'ADBRDR', 'PR9.2', 'CVE-2013-3881'),
('35.216.1.9', 'INTGR', 'UBN16.04', 'CVE-2019-1547'),
('39.120.49.10', 'VSCODE', 'UBN16.04', 'CVE-2015-4508'),
('56.48.148.159', 'MSOFFICE', 'WINXP3', 'CVE-2019-1547'),
('195.56.78.111', 'MSIEX', 'SLRS11', 'CVE-2018-12293'),
('216.15.246.46', 'MSIEX', 'DBI8.11', 'CVE-2018-3149'),
('129.56.210.156', 'OPNSSL', 'CNTOS7', 'CVE-2019-3842'),
('35.216.1.9', 'PHP', 'CNTOS7', 'CVE-2017-0178'),
('123.23.45.89', 'PHP', 'UBN14.04', 'CVE-2013-3862'),
('172.192.64.57', 'PHP', 'SLRS11', 'CVE-2016-5439'),
('172.192.64.57', 'ADBRDR', 'DB9.6', 'CVE-2016-4122'),
('12.154.126.74', 'ADBFL', 'CNTOS7', 'CVE-2016-4221'),
('123.23.45.89', 'APLESFR', 'DB9.6', 'CVE-2015-4830'),
('23.156.154.25', 'VMWORK', 'WIN8164', 'CVE-2017-15906'),
('109.156.124.62', 'INTGR', 'DBI8.11', 'CVE-2017-8733'),
('192.164.97.58', 'ADBANIM', 'PR9.2', 'CVE-2009-3671'),
('56.235.78.126', 'MSOFFICE', 'UBN14.04', 'CVE-2010-2890'),
('56.235.78.126', 'CHROME', 'WIN7641', 'CVE-2019-15118'),
('24.156.29.45', 'OPNSSL', 'UBN16.04', 'CVE-2019-0570'),
('23.45.242.202', 'ORMYSQSRV', 'UBN16.04', 'CVE-2015-3255'),
('56.235.78.126', 'CHROME', 'SLRS11', 'CVE-2016-9077'),
('172.192.64.57', 'MSIEX', 'WIN8164', 'CVE-2016-6962'),
('109.156.124.62', 'ADBFL', 'WIN8164', 'CVE-2012-1529'),
('23.156.154.25', 'ORMYSQSRV', 'CNTOS7', 'CVE-2016-5270'),
('12.154.126.74', 'ADBRDR', 'SLRS11', 'CVE-2009-2653'),
('78.32.165.78', 'MSOFFICE', 'WINXP3', 'CVE-2017-7610'),
('192.164.97.58', 'APLESFR', 'PR9.2', 'CVE-2015-3193'),
('39.120.49.10', 'APLESFR', 'UBN16.04', 'CVE-2016-4227'),
('165.235.247.254', 'CHROME', 'WINSRV16', 'CVE-2015-3195'),
('35.216.1.9', 'VMWORK', 'UBN16.04', 'CVE-2017-8747'),
('192.164.97.58', 'ADBFL', 'DBI8.11', 'CVE-2016-6976'),
('56.48.148.159', 'PHP', 'CNTOS7', 'CVE-2009-3675'),
('172.192.64.57', 'CHROME', 'UBN14.04', 'CVE-2011-2002'),
('56.235.78.126', 'OPNSSL', 'CNTOS7', 'CVE-2019-17544'),
('23.125.234.25', 'MSIEX', 'WIN8164', 'CVE-2018-18313'),
('109.156.124.62', 'INTGR', 'CNTOS7', 'CVE-2018-18544'),
('39.120.49.10', 'MZFRFX', 'WINXP3', 'CVE-2009-2511'),
('39.120.49.10', 'APLESFR', 'UBN16.04', 'CVE-2015-4819'),
('56.235.78.126', 'VMWORK', 'WINXP3', 'CVE-2016-9063'),
('56.235.78.126', 'MSOFFICE', 'WINXP3', 'CVE-2017-8742'),
('56.48.148.159', 'VMWORK', 'DBI8.11', 'CVE-2013-3940'),
('123.23.45.89', 'MSOFFICE', 'WINXP3', 'CVE-2012-1890'),
('56.235.78.126', 'MZFRFX', 'WIN7641', 'CVE-2009-2512'),
('24.156.29.45', 'MSOFFICE', 'SLRS11', 'CVE-2015-4501'),
('78.32.165.78', 'CHROME', 'WINXP3', 'CVE-2019-0580'),
('24.156.29.45', 'INTGR', 'WINSRV16', 'CVE-2015-3415'),
('123.23.45.89', 'CHROME', 'DB9.6', 'CVE-2013-3893'),
('216.15.246.46', 'ADBRDR', 'DB9.6', 'CVE-2015-2388'),
('56.235.78.126', 'MSOFFICE', 'DBI8.11', 'CVE-2017-0019'),
('195.56.78.111', 'APLESFR', 'DBI8.11', 'CVE-2016-1950'),
('23.125.234.25', 'ORMYSQSRV', 'WINXP3', 'CVE-2017-0001'),
('192.164.97.58', 'VMWORK', 'WINXP3', 'CVE-2018-19840'),
('23.45.242.202', 'ADBANIM', 'WIN8164', 'CVE-2016-5412'),
('125.45.78.98', 'VMWORK', 'UBN16.04', 'CVE-2015-4800'),
('56.235.78.126', 'ADBRDR', 'PR9.2', 'CVE-2015-4826'),
('23.45.242.202', 'MZFRFX', 'WIN8164', 'CVE-2007-0099'),
('125.124.63.75', 'PHP', 'UBN16.04', 'CVE-2017-14632'),
('23.156.154.25', 'ADBRDR', 'UBN16.04', 'CVE-2017-0077'),
('195.56.78.111', 'VMWORK', 'WINXP3', 'CVE-2016-4287'),
('123.23.45.89', 'MSOFFICE', 'WINXP3', 'CVE-2010-2888'),
('216.15.246.46', 'ADBFL', 'WIN8164', 'CVE-2016-5272'),
('123.23.45.89', 'ADBANIM', 'DBI8.11', 'CVE-2018-1000880'),
('35.216.1.9', 'PHP', 'WIN8164', 'CVE-2014-4260'),
('216.15.246.46', 'ADBRDR', 'WINSRV16', 'CVE-2015-2385'),
('123.23.45.89', 'VMWORK', 'UBN16.04', 'CVE-2016-4104'),
('25.48.169.248', 'MSIEX', 'WIN7641', 'CVE-2017-13305'),
('172.192.64.57', 'OPNSSL', 'UBN16.04', 'CVE-2016-4121'),
('192.164.97.58', 'VMWORK', 'CNTOS7', 'CVE-2015-8403'),
('23.156.154.25', 'ADBANIM', 'DBI8.11', 'CVE-2019-1271'),
('129.56.210.156', 'ADBANIM', 'UBN14.04', 'CVE-2015-2371'),
('56.48.148.159', 'OPNSSL', 'DB9.6', 'CVE-2017-15868'),
('39.120.49.10', 'PHP', 'PR9.2', 'CVE-2018-0810'),
('125.45.78.98', 'APLESFR', 'WINXP3', 'CVE-2015-3622'),
('24.156.29.45', 'MSIEX', 'CNTOS7', 'CVE-2018-19870'),
('216.15.246.46', 'ADBANIM', 'DBI8.11', 'CVE-2017-14106'),
('12.154.126.74', 'CHROME', 'CNTOS7', 'CVE-2016-7910'),
('23.156.154.25', 'ADBFL', 'UBN14.04', 'CVE-2018-12233'),
('25.48.169.248', 'MSIEX', 'DBI8.11', 'CVE-2018-12458'),
('172.192.64.57', 'VSCODE', 'DB9.6', 'CVE-2015-7212'),
('125.45.78.98', 'ADBFL', 'WIN7641', 'CVE-2016-5441'),
('125.124.63.75', 'MSOFFICE', 'WIN8164', 'CVE-2016-4233'),
('35.216.1.9', 'PHP', 'DBI8.11', 'CVE-2016-9076'),
('123.23.45.89', 'MZFRFX', 'CNTOS7', 'CVE-2016-7931'),
('123.23.45.89', 'VMWORK', 'UBN14.04', 'CVE-2013-1250'),
('78.32.165.78', 'ORMYSQSRV', 'CNTOS7', 'CVE-2014-4345'),
('195.56.78.111', 'MSIEX', 'WIN7641', 'CVE-2016-6912'),
('56.235.78.126', 'VSCODE', 'UBN14.04', 'CVE-2018-20856'),
('25.48.169.248', 'ADBANIM', 'UBN16.04', 'CVE-2017-14767'),
('24.156.29.45', 'MSOFFICE', 'CNTOS7', 'CVE-2018-12392'),
('23.45.242.202', 'INTGR', 'PR9.2', 'CVE-2019-10021'),
('216.15.246.46', 'ADBFL', 'WINXP3', 'CVE-2019-2933'),
('123.23.45.89', 'VSCODE', 'SLRS11', 'CVE-2015-7199'),
('39.120.49.10', 'MSIEX', 'WINXP3', 'CVE-2018-0798'),
('35.216.1.9', 'VMWORK', 'CNTOS7', 'CVE-2019-7395'),
('39.120.49.10', 'ADBANIM', 'DBI8.11', 'CVE-2018-8267'),
('123.23.45.89', 'APLESFR', 'DBI8.11', 'CVE-2010-0268'),
('24.156.29.45', 'INTGR', 'WIN8164', 'CVE-2019-1242'),
('125.45.78.98', 'VSCODE', 'WIN8164', 'CVE-2017-0162'),
('12.154.126.74', 'CHROME', 'UBN14.04', 'CVE-2017-6312'),
('56.235.78.126', 'VMWORK', 'SLRS11', 'CVE-2019-0595'),
('23.156.154.25', 'ORMYSQSRV', 'WINXP3', 'CVE-2018-18444'),
('109.156.124.62', 'ADBANIM', 'UBN16.04', 'CVE-2010-3970'),
('24.156.29.45', 'PHP', 'WINSRV16', 'CVE-2013-0001'),
('125.45.78.98', 'APLESFR', 'DB9.6', 'CVE-2018-0821'),
('216.15.246.46', 'CHROME', 'SLRS11', 'CVE-2016-7940'),
('35.216.1.9', 'APLESFR', 'WINXP3', 'CVE-2012-1529'),
('172.192.64.57', 'INTGR', 'WIN7641', 'CVE-2016-4148'),
('109.156.124.62', 'VSCODE', 'UBN16.04', 'CVE-2019-2534'),
('25.48.169.248', 'VSCODE', 'WINSRV16', 'CVE-2012-0217'),
('109.156.124.62', 'OPNSSL', 'WIN8164', 'CVE-2019-7307'),
('195.56.78.111', 'CHROME', 'WIN7641', 'CVE-2017-8708'),
('123.23.45.89', 'CHROME', 'WINSRV16', 'CVE-2017-7610'),
('56.235.78.126', 'MSOFFICE', 'DB9.6', 'CVE-2013-2376'),
('39.120.49.10', 'ADBFL', 'WINSRV16', 'CVE-2014-5355'),
('195.56.78.111', 'ADBFL', 'UBN14.04', 'CVE-2016-1963'),
('39.120.49.10', 'APLESFR', 'WINXP3', 'CVE-2019-12976'),
('129.56.210.156', 'ADBFL', 'PR9.2', 'CVE-2016-6941'),
('56.235.78.126', 'CHROME', 'WINSRV16', 'CVE-2016-1930'),
('56.48.148.159', 'CHROME', 'DBI8.11', 'CVE-2019-16746'),
('123.23.45.89', 'MZFRFX', 'CNTOS7', 'CVE-2012-0179'),
('129.56.210.156', 'OPNSSL', 'DB9.6', 'CVE-2018-18505'),
('23.45.242.202', 'MSOFFICE', 'CNTOS7', 'CVE-2019-2894'),
('24.156.29.45', 'INTGR', 'PR9.2', 'CVE-2015-2391'),
('23.125.234.25', 'ADBRDR', 'DBI8.11', 'CVE-2019-0536'),
('24.156.29.45', 'APLESFR', 'DB9.6', 'CVE-2018-19870'),
('25.48.169.248', 'INTGR', 'UBN14.04', 'CVE-2018-11091'),
('123.23.45.89', 'PHP', 'PR9.2', 'CVE-2018-0802'),
('125.124.63.75', 'ADBFL', 'UBN14.04', 'CVE-2018-12398'),
('35.216.1.9', 'MZFRFX', 'UBN14.04', 'CVE-2019-16708'),
('23.156.154.25', 'VSCODE', 'CNTOS7', 'CVE-2018-12402'),
('12.154.126.74', 'MSOFFICE', 'UBN14.04', 'CVE-2012-0170'),
('125.124.63.75', 'ADBFL', 'CNTOS7', 'CVE-2012-0154'),
('78.32.165.78', 'OPNSSL', 'WINSRV16', 'CVE-2016-0608'),
('195.56.78.111', 'OPNSSL', 'DB9.6', 'CVE-2018-0825'),
('109.156.124.62', 'MSOFFICE', 'DBI8.11', 'CVE-2016-6958'),
('129.56.210.156', 'MSIEX', 'UBN14.04', 'CVE-2017-14246'),
('125.45.78.98', 'MZFRFX', 'WIN8164', 'CVE-2019-3857'),
('24.156.29.45', 'ADBFL', 'WIN8164', 'CVE-2018-18500'),
('24.156.29.45', 'INTGR', 'WINSRV16', 'CVE-2017-17127'),
('35.216.1.9', 'MZFRFX', 'DB9.6', 'CVE-2016-4270'),
('216.15.246.46', 'MSIEX', 'UBN16.04', 'CVE-2015-2403'),
('12.154.126.74', 'APLESFR', 'WIN7641', 'CVE-2016-7974'),
('23.125.234.25', 'CHROME', 'DB9.6', 'CVE-2009-2653'),
('165.235.247.254', 'MZFRFX', 'WINSRV16', 'CVE-2015-4517'),
('12.154.126.74', 'ADBANIM', 'WINXP3', 'CVE-2018-12375'),
('216.15.246.46', 'CHROME', 'DB9.6', 'CVE-2016-10713'),
('172.192.64.57', 'PHP', 'SLRS11', 'CVE-2019-11697'),
('125.45.78.98', 'MSOFFICE', 'CNTOS7', 'CVE-2016-4274'),
('23.125.234.25', 'ADBANIM', 'SLRS11', 'CVE-2016-7922'),
('35.216.1.9', 'ADBRDR', 'UBN16.04', 'CVE-2017-18204'),
('56.235.78.126', 'ADBFL', 'PR9.2', 'CVE-2019-0554'),
('56.48.148.159', 'OPNSSL', 'SLRS11', 'CVE-2012-1872'),
('192.164.97.58', 'OPNSSL', 'UBN16.04', 'CVE-2018-20852'),
('35.216.1.9', 'VSCODE', 'SLRS11', 'CVE-2018-5812'),
('35.216.1.9', 'ADBFL', 'SLRS11', 'CVE-2017-0122'),
('35.216.1.9', 'ADBRDR', 'DB9.6', 'CVE-2013-2207'),
('123.23.45.89', 'ORMYSQSRV', 'DBI8.11', 'CVE-2019-2531'),
('23.125.234.25', 'VMWORK', 'PR9.2', 'CVE-2015-8433'),
('125.45.78.98', 'APLESFR', 'WIN8164', 'CVE-2017-8679'),
('25.48.169.248', 'ADBFL', 'UBN16.04', 'CVE-2018-0794'),
('165.235.247.254', 'ADBFL', 'WINXP3', 'CVE-2019-3846'),
('12.154.126.74', 'ADBRDR', 'WIN7641', 'CVE-2015-8447'),
('12.154.126.74', 'ADBANIM', 'CNTOS7', 'CVE-2019-10082'),
('195.56.78.111', 'VMWORK', 'WINSRV16', 'CVE-2017-0089'),
('23.125.234.25', 'ADBANIM', 'DBI8.11', 'CVE-2018-3139'),
('23.125.234.25', 'ADBRDR', 'WIN8164', 'CVE-2015-5950'),
('216.15.246.46', 'APLESFR', 'UBN16.04', 'CVE-2013-3783'),
('129.56.210.156', 'OPNSSL', 'WIN8164', 'CVE-2018-12393'),
('192.164.97.58', 'VSCODE', 'WINXP3', 'CVE-2014-4344'),
('172.192.64.57', 'MSOFFICE', 'WIN7641', 'CVE-2016-4190'),
('123.23.45.89', 'ADBRDR', 'SLRS11', 'CVE-2016-5264'),
('23.156.154.25', 'VMWORK', 'UBN14.04', 'CVE-2010-2883'),
('123.23.45.89', 'MSOFFICE', 'SLRS11', 'CVE-2012-0161'),
('125.45.78.98', 'OPNSSL', 'CNTOS7', 'CVE-2016-4273'),
('192.164.97.58', 'CHROME', 'WINXP3', 'CVE-2017-15588'),
('192.164.97.58', 'OPNSSL', 'UBN14.04', 'CVE-2018-20506'),
('125.124.63.75', 'PHP', 'WINXP3', 'CVE-2017-8699'),
('39.120.49.10', 'INTGR', 'CNTOS7', 'CVE-2012-1529'),
('78.32.165.78', 'OPNSSL', 'DB9.6', 'CVE-2017-18267'),
('78.32.165.78', 'OPNSSL', 'UBN16.04', 'CVE-2013-1268'),
('56.235.78.126', 'APLESFR', 'UBN16.04', 'CVE-2017-8695'),
('35.216.1.9', 'VSCODE', 'DBI8.11', 'CVE-2018-0957'),
('12.154.126.74', 'ADBFL', 'PR9.2', 'CVE-2018-12385'),
('23.156.154.25', 'VSCODE', 'SLRS11', 'CVE-2017-15908'),
('195.56.78.111', 'ADBRDR', 'WIN7641', 'CVE-2015-7200'),
('23.156.154.25', 'APLESFR', 'WIN7641', 'CVE-2019-15144'),
('195.56.78.111', 'MSIEX', 'PR9.2', 'CVE-2018-4278'),
('195.56.78.111', 'MZFRFX', 'WINSRV16', 'CVE-2016-6958'),
('216.15.246.46', 'VMWORK', 'WIN7641', 'CVE-2015-4500'),
('56.48.148.159', 'CHROME', 'WIN7641', 'CVE-2019-6465'),
('195.56.78.111', 'CHROME', 'UBN14.04', 'CVE-2015-2370'),
('129.56.210.156', 'ORMYSQSRV', 'DB9.6', 'CVE-2018-1999012'),
('23.45.242.202', 'MSOFFICE', 'SLRS11', 'CVE-2019-2528'),
('172.192.64.57', 'VSCODE', 'DB9.6', 'CVE-2016-5384'),
('12.154.126.74', 'OPNSSL', 'UBN14.04', 'CVE-2017-15422'),
('78.32.165.78', 'APLESFR', 'DBI8.11', 'CVE-2018-0805'),
('195.56.78.111', 'ORMYSQSRV', 'WIN7641', 'CVE-2016-1962'),
('216.15.246.46', 'MSOFFICE', 'WINXP3', 'CVE-2017-17044'),
('35.216.1.9', 'VSCODE', 'WINXP3', 'CVE-2014-5455'),
('12.154.126.74', 'VSCODE', 'PR9.2', 'CVE-1999-0519'),
('125.45.78.98', 'CHROME', 'DBI8.11', 'CVE-2018-0900'),
('109.156.124.62', 'MSIEX', 'SLRS11', 'CVE-2015-8395'),
('129.56.210.156', 'PHP', 'PR9.2', 'CVE-2015-7212'),
('12.154.126.74', 'ADBFL', 'PR9.2', 'CVE-2016-1952'),
('56.48.148.159', 'VSCODE', 'DB9.6', 'CVE-2019-0575'),
('56.235.78.126', 'VMWORK', 'UBN16.04', 'CVE-2018-15982'),
('23.125.234.25', 'OPNSSL', 'DB9.6', 'CVE-2017-0033'),
('23.125.234.25', 'MSIEX', 'SLRS11', 'CVE-2013-3871'),
('123.23.45.89', 'VSCODE', 'UBN16.04', 'CVE-2015-8387'),
('23.156.154.25', 'VSCODE', 'WINSRV16', 'CVE-2012-0165'),
('78.32.165.78', 'APLESFR', 'WINSRV16', 'CVE-2015-7175'),
('129.56.210.156', 'ORMYSQSRV', 'UBN16.04', 'CVE-2019-7307'),
('216.15.246.46', 'APLESFR', 'WINXP3', 'CVE-2018-4180'),
('216.15.246.46', 'MSIEX', 'WIN8164', 'CVE-2016-0546'),
('216.15.246.46', 'MZFRFX', 'UBN14.04', 'CVE-2011-2094'),
('195.56.78.111', 'PHP', 'WINSRV16', 'CVE-2012-1866'),
('195.56.78.111', 'CHROME', 'PR9.2', 'CVE-2018-0764'),
('165.235.247.254', 'OPNSSL', 'SLRS11', 'CVE-2016-6942'),
('56.235.78.126', 'APLESFR', 'DBI8.11', 'CVE-2016-5442'),
('123.23.45.89', 'PHP', 'SLRS11', 'CVE-2019-3874'),
('25.48.169.248', 'MSIEX', 'UBN16.04', 'CVE-2010-1261'),
('23.125.234.25', 'CHROME', 'UBN16.04', 'CVE-2012-0578'),
('56.48.148.159', 'ADBANIM', 'WIN8164', 'CVE-2016-7940'),
('172.192.64.57', 'APLESFR', 'WINXP3', 'CVE-2017-14223'),
('56.235.78.126', 'OPNSSL', 'DBI8.11', 'CVE-2016-4197'),
('123.23.45.89', 'ADBANIM', 'WINXP3', 'CVE-2019-0536'),
('24.156.29.45', 'MZFRFX', 'PR9.2', 'CVE-2015-2377'),
('78.32.165.78', 'CHROME', 'CNTOS7', 'CVE-2015-2398'),
('125.124.63.75', 'MSOFFICE', 'DBI8.11', 'CVE-2018-17101'),
('165.235.247.254', 'APLESFR', 'CNTOS7', 'CVE-2010-0020'),
('109.156.124.62', 'MSOFFICE', 'WIN7641', 'CVE-2017-7608'),
('12.154.126.74', 'APLESFR', 'UBN14.04', 'CVE-2016-5279'),
('56.235.78.126', 'VSCODE', 'WINXP3', 'CVE-2010-0245'),
('24.156.29.45', 'MZFRFX', 'SLRS11', 'CVE-2017-8588'),
('78.32.165.78', 'INTGR', 'WINSRV16', 'CVE-2018-0798'),
('56.235.78.126', 'ADBRDR', 'DBI8.11', 'CVE-2016-10727'),
('39.120.49.10', 'VSCODE', 'UBN16.04', 'CVE-2016-1960'),
('125.124.63.75', 'ORMYSQSRV', 'SLRS11', 'CVE-2017-14626'),
('125.45.78.98', 'PHP', 'WIN8164', 'CVE-2010-3622'),
('109.156.124.62', 'MZFRFX', 'DB9.6', 'CVE-2016-5251'),
('192.164.97.58', 'APLESFR', 'DB9.6', 'CVE-2018-8169');

-- --------------------------------------------------------

--
-- Tablo için tablo yapısı `cihaz`
--

DROP TABLE IF EXISTS `cihaz`;
CREATE TABLE IF NOT EXISTS `cihaz` (
  `ip` varchar(15) COLLATE utf8_turkish_ci NOT NULL,
  `ad` varchar(50) COLLATE utf8_turkish_ci NOT NULL,
  `konum_id` varchar(50) COLLATE utf8_turkish_ci NOT NULL,
  PRIMARY KEY (`ip`),
  KEY `konum_id` (`konum_id`)
) ENGINE=InnoDB DEFAULT CHARSET=utf8 COLLATE=utf8_turkish_ci;

--
-- Tablo döküm verisi `cihaz`
--

INSERT INTO `cihaz` (`ip`, `ad`, `konum_id`) VALUES
('109.156.124.62', 'ECSYSServer', 'NY1'),
('12.154.126.74', 'win10Server3', 'LND1'),
('123.23.45.89', 'jessie', 'PKN1'),
('125.124.63.75', 'CLIENT4WIN08', 'BRLN1'),
('125.45.78.98', 'FTPUbuntu', 'BUDPST1'),
('129.56.210.156', 'CLIENT3WIN10', 'LND1'),
('165.235.247.254', 'pardus172', 'BRLN1'),
('172.192.64.57', 'istanbul2', 'IST1'),
('192.164.97.58', 'csystest', 'MSKVA1'),
('195.56.78.111', 'TESTUSER-FF3ADC', 'PKN1'),
('216.15.246.46', 'FTPASİA', 'BSKEK1'),
('23.125.234.25', 'ubuntu16x64', 'IST1'),
('23.156.154.25', 'ACROBAT', 'NY1'),
('23.45.242.202', 'americaSouth1', 'SAO1'),
('24.156.29.45', 'TESTUSER-PC', 'MSKVA1'),
('25.48.169.248', 'IST-server1', 'LYON1'),
('35.216.1.9', 'ETERNAL', 'CKRTA1'),
('39.120.49.10', 'SERVER3012', 'BUDPST1'),
('56.235.78.126', 'dhcp-56.235.78.126', 'SAO1'),
('56.48.148.159', 'dhcp-debian9', 'PKN1'),
('78.32.165.78', 'pardus17', 'IST1');

-- --------------------------------------------------------

--
-- Tablo için tablo yapısı `isletim`
--

DROP TABLE IF EXISTS `isletim`;
CREATE TABLE IF NOT EXISTS `isletim` (
  `isletim_id` varchar(50) COLLATE utf8_turkish_ci NOT NULL,
  `ad` varchar(50) COLLATE utf8_turkish_ci NOT NULL,
  `uretici` varchar(50) COLLATE utf8_turkish_ci NOT NULL,
  `aile` varchar(50) COLLATE utf8_turkish_ci NOT NULL,
  `fiyat` int(11) NOT NULL,
  PRIMARY KEY (`isletim_id`)
) ENGINE=InnoDB DEFAULT CHARSET=utf8 COLLATE=utf8_turkish_ci;

--
-- Tablo döküm verisi `isletim`
--

INSERT INTO `isletim` (`isletim_id`, `ad`, `uretici`, `aile`, `fiyat`) VALUES
('CNTOS7', 'CentOs 7', 'The CentOS Project', 'Linux', 0),
('DB9.6', 'Debian 9.6', 'Debian Foundation', 'Linux', 0),
('DBI8.11', 'Debian 8.11', 'Debian Foundation', 'Linux', 0),
('PR9.2', 'Pardus 9.2', 'Tübitak', 'Linux', 0),
('SLRS11', 'Solaris 11', 'Oracle Inc', 'Unix', 5000),
('UBN14.04', 'Ubuntu 14.04', 'Canonical', 'Linux', 0),
('UBN16.04', 'ubuntu_linux 16.04 - lts', 'Canonical', 'Linux', 0),
('WIN7641', 'Windows 7 64-bit Service Pack 1', 'Microsoft', 'Windows', 10000),
('WIN8164', 'Windows 8.1 x64', 'Microsoft', 'Windows', 13500),
('WINSRV16', 'Windows Server 2016', 'Microsoft', 'Windows', 16250),
('WINXP3', 'Windows XP Service Pack 3', 'Microsoft', 'Windows', 8200);

-- --------------------------------------------------------

--
-- Tablo için tablo yapısı `konum`
--

DROP TABLE IF EXISTS `konum`;
CREATE TABLE IF NOT EXISTS `konum` (
  `konum_id` varchar(50) COLLATE utf8_turkish_ci NOT NULL,
  `ulke` varchar(50) COLLATE utf8_turkish_ci NOT NULL,
  `sehir` varchar(50) COLLATE utf8_turkish_ci NOT NULL,
  `ulke_id` varchar(50) COLLATE utf8_turkish_ci NOT NULL,
  PRIMARY KEY (`konum_id`)
) ENGINE=InnoDB DEFAULT CHARSET=utf8 COLLATE=utf8_turkish_ci;

--
-- Tablo döküm verisi `konum`
--

INSERT INTO `konum` (`konum_id`, `ulke`, `sehir`, `ulke_id`) VALUES
('BRLN1', 'Germany', 'Berlin', 'DE'),
('BSKEK1', 'Kyrgyzstan', 'Bişkek', 'KG'),
('BUDPST1', 'Hungary', 'Budapeşte', 'HU'),
('CKRTA1', 'Indonesia', 'Cakarta', 'ID'),
('IST1', 'Turkey', 'İstanbul', 'TR'),
('LND1', 'United Kingdom', 'Londra', 'GB'),
('LYON1', 'France', 'Lyon', 'FR'),
('MSKVA1', 'Russia', 'Moskova', 'RU'),
('NY1', 'United States', 'NewYork', 'US'),
('PKN1', 'China', 'Pekin', 'CN'),
('SAO1', 'Brazil', 'Sao Paulo', 'BR');

-- --------------------------------------------------------

--
-- Tablo için tablo yapısı `oldusers`
--

DROP TABLE IF EXISTS `oldusers`;
CREATE TABLE IF NOT EXISTS `oldusers` (
  `id` int(11) NOT NULL,
  `username` varchar(50) COLLATE utf8_turkish_ci NOT NULL,
  `password` varchar(255) COLLATE utf8_turkish_ci NOT NULL,
  `created_at` datetime NOT NULL,
  `deleted_at` datetime NOT NULL DEFAULT CURRENT_TIMESTAMP,
  PRIMARY KEY (`id`)
) ENGINE=InnoDB DEFAULT CHARSET=utf8 COLLATE=utf8_turkish_ci;

--
-- Tablo döküm verisi `oldusers`
--

INSERT INTO `oldusers` (`id`, `username`, `password`, `created_at`, `deleted_at`) VALUES
(2, 'yasin', '$2y$10$3DKeem0xNm.lWs6mngDH/O50knuHILKdj7oLJurlwJdDA/GN.naNC', '2021-01-22 18:02:32', '2021-02-01 17:04:50'),
(6, 'trigger_deneme', '$2y$10$ZmAsAS48aQx4op2avMK2iuq5D0iKGL/TGl9klofLgMaZoPwkdJrge', '2021-02-01 17:20:16', '2021-02-01 17:21:14');

-- --------------------------------------------------------

--
-- Tablo için tablo yapısı `users`
--

DROP TABLE IF EXISTS `users`;
CREATE TABLE IF NOT EXISTS `users` (
  `id` int(11) NOT NULL AUTO_INCREMENT,
  `username` varchar(50) COLLATE utf8_turkish_ci NOT NULL,
  `password` varchar(255) COLLATE utf8_turkish_ci NOT NULL,
  `created_at` datetime DEFAULT CURRENT_TIMESTAMP,
  PRIMARY KEY (`id`),
  UNIQUE KEY `username` (`username`)
) ENGINE=MyISAM AUTO_INCREMENT=7 DEFAULT CHARSET=utf8 COLLATE=utf8_turkish_ci;

--
-- Tablo döküm verisi `users`
--

INSERT INTO `users` (`id`, `username`, `password`, `created_at`) VALUES
(1, 'test', '$2y$10$pJVLHWY14UFjyabC9KmA8.7NZvSMVF/BD7Jh/y3OqkoE0pGcI8Rny', '2021-01-16 00:27:09'),
(3, 'yasinseven', '$2y$10$sYDcxt1eU4x4R07XtDE4u.Vxk4PU7mlFAU7ihA4x9/fF6TndUGhv6', '2021-01-27 13:32:22');

--
-- Tetikleyiciler `users`
--
DROP TRIGGER IF EXISTS `after_delete_user`;
DELIMITER $$
CREATE TRIGGER `after_delete_user` AFTER DELETE ON `users` FOR EACH ROW BEGIN
    INSERT INTO oldusers(id, username, password, created_at)
    VALUES(old.id, old.username, old.password, old.created_at);
END
$$
DELIMITER ;

-- --------------------------------------------------------

--
-- Tablo için tablo yapısı `yazilim`
--

DROP TABLE IF EXISTS `yazilim`;
CREATE TABLE IF NOT EXISTS `yazilim` (
  `yazilim_id` varchar(50) COLLATE utf8_turkish_ci NOT NULL,
  `ad` varchar(50) COLLATE utf8_turkish_ci NOT NULL,
  `uretici` varchar(50) COLLATE utf8_turkish_ci NOT NULL,
  `fiyat` int(11) NOT NULL,
  PRIMARY KEY (`yazilim_id`)
) ENGINE=InnoDB DEFAULT CHARSET=utf8 COLLATE=utf8_turkish_ci;

--
-- Tablo döküm verisi `yazilim`
--

INSERT INTO `yazilim` (`yazilim_id`, `ad`, `uretici`, `fiyat`) VALUES
('ADBANIM', 'Adobe Animate', 'Adobe Inc.', 1500),
('ADBFL', 'Adobe Flash Player', 'Adobe Inc.', 1300),
('ADBRDR', 'Adobe Reader', 'Adobe Inc.', 900),
('APLESFR', 'Apple Safari', 'Apple Inc.', 2500),
('CHROME', 'Google Chrome', 'Google', 0),
('INTGR', 'Intel Graphic Driver', 'Intel Inc.', 0),
('MSIEX', 'Internet Explorer', 'Microsoft', 0),
('MSOFFICE', 'Microsoft Office', 'Microsoft', 2000),
('MZFRFX', 'Mozilla Firefox', 'Mozilla Corp.', 0),
('OPNSSL', 'OpenSSL', 'The OpenSSL Project', 0),
('ORMYSQSRV', 'Oracle MySQL Server', 'Oracle Inc.', 1750),
('PHP', 'PHP', 'PHP Community', 0),
('VMWORK', 'VMware Workstation', 'VMware Inc.', 12000),
('VSCODE', 'Visual Studio Code', 'Microsoft', 0);

-- --------------------------------------------------------

--
-- Tablo için tablo yapısı `zafiyet`
--

DROP TABLE IF EXISTS `zafiyet`;
CREATE TABLE IF NOT EXISTS `zafiyet` (
  `cve_kodu` varchar(50) COLLATE utf8_turkish_ci NOT NULL,
  `cvss_ciddiyet` varchar(50) COLLATE utf8_turkish_ci NOT NULL,
  `cvss_skor` float NOT NULL,
  `yayinlanma` varchar(10) COLLATE utf8_turkish_ci NOT NULL,
  PRIMARY KEY (`cve_kodu`)
) ENGINE=InnoDB DEFAULT CHARSET=utf8 COLLATE=utf8_turkish_ci;

--
-- Tablo döküm verisi `zafiyet`
--

INSERT INTO `zafiyet` (`cve_kodu`, `cvss_ciddiyet`, `cvss_skor`, `yayinlanma`) VALUES
('CVE-1999-0519', 'Orta', 4.6, '7/09/2015'),
('CVE-2001-0361', 'Dusuk', 2.3, '17/01/2006'),
('CVE-2001-0572', 'Orta', 5, '10/12/2000'),
('CVE-2002-2435', 'Dusuk', 1.5, '1/09/2000'),
('CVE-2002-2443', 'Dusuk', 1.7, '10/05/2009'),
('CVE-2004-2763', 'Dusuk', 2.9, '31/07/1990'),
('CVE-2005-3398', 'Dusuk', 1.5, '25/08/2000'),
('CVE-2007-0099', 'Yuksek', 8.8, '23/07/2002'),
('CVE-2007-3670', 'Dusuk', 1.5, '24/06/2007'),
('CVE-2007-3827', 'Dusuk', 1.7, '29/07/2009'),
('CVE-2008-2947', 'Orta', 4.4, '3/03/2007'),
('CVE-2008-4029', 'Dusuk', 1.5, '28/08/1997'),
('CVE-2008-4033', 'Dusuk', 1.5, '8/02/2010'),
('CVE-2008-4036', 'Orta', 5.5, '27/07/2001'),
('CVE-2008-4037', 'Yuksek', 9, '21/06/2001'),
('CVE-2008-4038', 'Yuksek', 10, '30/06/2017'),
('CVE-2008-4059', 'Orta', 5, '9/05/2012'),
('CVE-2008-4114', 'Dusuk', 3, '3/10/1996'),
('CVE-2008-4609', 'Dusuk', 2.9, '6/08/2018'),
('CVE-2008-5424', 'Dusuk', 1.5, '23/11/2010'),
('CVE-2008-5912', 'Dusuk', 0.6, '12/02/2015'),
('CVE-2008-5915', 'Dusuk', 0.6, '26/11/1998'),
('CVE-2009-0419', 'Dusuk', 1.7, '6/06/1997'),
('CVE-2009-1044', 'Yuksek', 8.8, '27/09/2009'),
('CVE-2009-1123', 'Orta', 5.5, '15/10/2003'),
('CVE-2009-1124', 'Orta', 5.5, '16/10/2012'),
('CVE-2009-1125', 'Orta', 5.5, '21/04/1993'),
('CVE-2009-1126', 'Orta', 6, '25/11/1994'),
('CVE-2009-1127', 'Orta', 5.5, '6/07/2005'),
('CVE-2009-1133', 'Yuksek', 8.8, '17/02/1991'),
('CVE-2009-1140', 'Dusuk', 3, '26/02/2009'),
('CVE-2009-1141', 'Yuksek', 8.8, '5/09/2005'),
('CVE-2009-2409', 'Dusuk', 3.5, '7/07/2011'),
('CVE-2009-2469', 'Yuksek', 10, '13/10/1995'),
('CVE-2009-2472', 'Dusuk', 1.5, '20/03/1990'),
('CVE-2009-2493', 'Yuksek', 8.8, '5/11/1996'),
('CVE-2009-2494', 'Yuksek', 10, '26/07/2019'),
('CVE-2009-2498', 'Yuksek', 8.8, '15/05/1998'),
('CVE-2009-2499', 'Orta', 4.7, '9/05/2011'),
('CVE-2009-2505', 'Yuksek', 10, '2/04/1994'),
('CVE-2009-2506', 'Yuksek', 8.8, '8/05/2019'),
('CVE-2009-2507', 'Yuksek', 8.8, '1/06/2014'),
('CVE-2009-2510', 'Orta', 4.4, '27/03/2003'),
('CVE-2009-2511', 'Orta', 5, '19/03/2008'),
('CVE-2009-2512', 'Yuksek', 9, '21/05/2005'),
('CVE-2009-2513', 'Orta', 5.5, '5/04/1998'),
('CVE-2009-2514', 'Yuksek', 9, '28/05/2011'),
('CVE-2009-2515', 'Orta', 6, '5/01/1995'),
('CVE-2009-2516', 'Orta', 4.9, '25/02/2014'),
('CVE-2009-2517', 'Dusuk', 1.8, '23/12/2015'),
('CVE-2009-2519', 'Yuksek', 8.8, '27/04/2007'),
('CVE-2009-2524', 'Dusuk', 3.3, '24/11/1997'),
('CVE-2009-2525', 'Yuksek', 8.8, '6/10/2017'),
('CVE-2009-2526', 'Dusuk', 3.3, '15/01/2007'),
('CVE-2009-2527', 'Yuksek', 9, '25/06/2006'),
('CVE-2009-2529', 'Yuksek', 8.8, '19/05/2017'),
('CVE-2009-2530', 'Yuksek', 8.8, '19/03/1993'),
('CVE-2009-2531', 'Yuksek', 8.8, '31/05/2006'),
('CVE-2009-2532', 'Yuksek', 9.2, '3/03/2015'),
('CVE-2009-2536', 'Dusuk', 1.5, '3/10/2015'),
('CVE-2009-2653', 'Dusuk', 3, '20/09/2020'),
('CVE-2009-3671', 'Yuksek', 8.8, '8/11/2016'),
('CVE-2009-3672', 'Yuksek', 9, '15/01/1996'),
('CVE-2009-3673', 'Yuksek', 8.8, '28/03/1994'),
('CVE-2009-3674', 'Yuksek', 8.8, '23/06/2013'),
('CVE-2009-3675', 'Dusuk', 1.8, '9/01/1990'),
('CVE-2009-3676', 'Dusuk', 3, '9/01/1993'),
('CVE-2009-3677', 'Yuksek', 10, '7/05/1995'),
('CVE-2010-0016', 'Yuksek', 9, '26/11/2012'),
('CVE-2010-0017', 'Yuksek', 9, '23/05/2020'),
('CVE-2010-0018', 'Yuksek', 8.8, '11/09/2001'),
('CVE-2010-0020', 'Orta', 5.5, '9/08/1996'),
('CVE-2010-0021', 'Dusuk', 2.9, '14/03/2015'),
('CVE-2010-0022', 'Dusuk', 3.3, '6/07/1990'),
('CVE-2010-0023', 'Orta', 4.9, '1/11/2003'),
('CVE-2010-0027', 'Yuksek', 9, '25/11/2018'),
('CVE-2010-0028', 'Yuksek', 9, '30/07/2000'),
('CVE-2010-0035', 'Dusuk', 1.6, '15/09/2018'),
('CVE-2010-0201', 'Yuksek', 8.8, '2/10/2015'),
('CVE-2010-0202', 'Yuksek', 8.8, '11/04/2011'),
('CVE-2010-0203', 'Yuksek', 8.8, '2/04/2009'),
('CVE-2010-0204', 'Yuksek', 8.8, '29/09/1997'),
('CVE-2010-0231', 'Yuksek', 10, '23/01/2018'),
('CVE-2010-0232', 'Orta', 6, '5/07/2002'),
('CVE-2010-0233', 'Orta', 6, '13/06/1999'),
('CVE-2010-0234', 'Dusuk', 1.6, '26/11/2005'),
('CVE-2010-0235', 'Dusuk', 1.8, '10/05/2008'),
('CVE-2010-0236', 'Orta', 5.5, '20/05/2002'),
('CVE-2010-0237', 'Orta', 4.9, '10/01/2007'),
('CVE-2010-0238', 'Dusuk', 1.8, '15/01/1994'),
('CVE-2010-0242', 'Dusuk', 3.3, '17/08/1994'),
('CVE-2010-0244', 'Yuksek', 8.8, '11/01/1991'),
('CVE-2010-0245', 'Yuksek', 8.8, '22/05/2016'),
('CVE-2010-0246', 'Yuksek', 8.8, '31/03/1992'),
('CVE-2010-0247', 'Yuksek', 8.8, '25/03/1992'),
('CVE-2010-0248', 'Yuksek', 9, '11/09/2005'),
('CVE-2010-0249', 'Yuksek', 9, '18/11/2010'),
('CVE-2010-0250', 'Yuksek', 8.8, '12/07/1993'),
('CVE-2010-0252', 'Yuksek', 8.8, '28/05/1998'),
('CVE-2010-0255', 'Dusuk', 1.5, '16/10/2018'),
('CVE-2010-0265', 'Yuksek', 9, '12/09/2012'),
('CVE-2010-0267', 'Yuksek', 8.8, '30/11/2004'),
('CVE-2010-0268', 'Yuksek', 8.8, '1/06/1996'),
('CVE-2010-0269', 'Yuksek', 10, '28/10/1990'),
('CVE-2010-0270', 'Yuksek', 10, '11/03/1991'),
('CVE-2010-1127', 'Dusuk', 1.7, '30/10/1999'),
('CVE-2010-1241', 'Yuksek', 8.8, '2/09/2018'),
('CVE-2010-1255', 'Dusuk', 3, '10/12/2013'),
('CVE-2010-1257', 'Dusuk', 1.5, '13/11/1997'),
('CVE-2010-1258', 'Dusuk', 1.5, '24/08/2000'),
('CVE-2010-1259', 'Yuksek', 8.8, '27/05/1999'),
('CVE-2010-1260', 'Yuksek', 8.8, '26/02/2014'),
('CVE-2010-1261', 'Yuksek', 8.8, '22/01/1994'),
('CVE-2010-1262', 'Yuksek', 8.8, '9/01/2004'),
('CVE-2010-1263', 'Yuksek', 8.8, '12/12/2008'),
('CVE-2010-1285', 'Yuksek', 8.8, '25/12/2018'),
('CVE-2010-1295', 'Yuksek', 8.8, '16/02/2006'),
('CVE-2010-1297', 'Yuksek', 9, '8/02/1999'),
('CVE-2010-2549', 'Orta', 6, '1/11/1995'),
('CVE-2010-2550', 'Yuksek', 10, '27/07/2007'),
('CVE-2010-2551', 'Dusuk', 3.3, '6/09/2008'),
('CVE-2010-2552', 'Dusuk', 3.3, '1/07/2008'),
('CVE-2010-2553', 'Yuksek', 9, '19/02/2017'),
('CVE-2010-2555', 'Dusuk', 3, '3/08/2017'),
('CVE-2010-2556', 'Yuksek', 8.8, '22/03/2000'),
('CVE-2010-2557', 'Yuksek', 8.8, '6/04/2015'),
('CVE-2010-2558', 'Yuksek', 8.8, '7/01/1997'),
('CVE-2010-2559', 'Yuksek', 8.8, '21/12/2012'),
('CVE-2010-2560', 'Yuksek', 8.8, '30/08/2015'),
('CVE-2010-2561', 'Yuksek', 9, '9/04/2013'),
('CVE-2010-2563', 'Yuksek', 9, '26/02/1994'),
('CVE-2010-2564', 'Yuksek', 9, '12/05/2014'),
('CVE-2010-2567', 'Yuksek', 8.8, '9/09/2004'),
('CVE-2010-2568', 'Yuksek', 9, '20/07/2006'),
('CVE-2010-2883', 'Yuksek', 9, '5/01/2001'),
('CVE-2010-2884', 'Yuksek', 9, '12/05/1999'),
('CVE-2010-2888', 'Yuksek', 8.8, '12/03/1991'),
('CVE-2010-2889', 'Yuksek', 8.8, '30/05/2005'),
('CVE-2010-2890', 'Yuksek', 8.8, '12/10/2010'),
('CVE-2010-3619', 'Yuksek', 8.8, '8/02/2007'),
('CVE-2010-3620', 'Yuksek', 8.8, '8/06/2015'),
('CVE-2010-3621', 'Yuksek', 8.8, '24/04/1991'),
('CVE-2010-3622', 'Yuksek', 8.8, '7/07/2006'),
('CVE-2010-3625', 'Yuksek', 8.8, '22/05/1996'),
('CVE-2010-3626', 'Yuksek', 8.8, '2/09/2010'),
('CVE-2010-3627', 'Yuksek', 8.8, '31/03/2001'),
('CVE-2010-3628', 'Yuksek', 8.8, '6/06/2007'),
('CVE-2010-3629', 'Yuksek', 8.8, '22/11/2020'),
('CVE-2010-3630', 'Yuksek', 8.8, '22/12/2013'),
('CVE-2010-3632', 'Yuksek', 8.8, '7/05/1997'),
('CVE-2010-3654', 'Yuksek', 9, '27/04/2019'),
('CVE-2010-3656', 'Dusuk', 1.5, '18/08/2010'),
('CVE-2010-3657', 'Dusuk', 1.5, '8/02/2011'),
('CVE-2010-3658', 'Yuksek', 8.8, '28/05/1993'),
('CVE-2010-3939', 'Orta', 5.5, '25/09/2020'),
('CVE-2010-3940', 'Orta', 5.5, '24/07/1997'),
('CVE-2010-3941', 'Orta', 5.5, '27/11/2014'),
('CVE-2010-3942', 'Orta', 5.5, '28/02/2002'),
('CVE-2010-3943', 'Orta', 5.5, '11/05/2012'),
('CVE-2010-3944', 'Orta', 6, '20/03/2015'),
('CVE-2010-3956', 'Yuksek', 8.8, '27/10/2015'),
('CVE-2010-3957', 'Orta', 5.4, '13/09/2013'),
('CVE-2010-3959', 'Orta', 4.9, '8/02/2006'),
('CVE-2010-3961', 'Orta', 5.5, '24/01/2019'),
('CVE-2010-3962', 'Yuksek', 9, '7/08/2015'),
('CVE-2010-3963', 'Orta', 5.5, '6/10/2008'),
('CVE-2010-3970', 'Yuksek', 9, '20/05/2016'),
('CVE-2010-3971', 'Yuksek', 9, '13/09/2008'),
('CVE-2010-3973', 'Yuksek', 9, '16/08/2019'),
('CVE-2010-3974', 'Yuksek', 7.5, '16/05/1991'),
('CVE-2010-5071', 'Dusuk', 1.7, '19/08/1997'),
('CVE-2011-2000', 'Yuksek', 8.8, '20/08/2014'),
('CVE-2011-2001', 'Yuksek', 8.8, '24/05/1992'),
('CVE-2011-2002', 'Dusuk', 1.6, '3/04/1996'),
('CVE-2011-2003', 'Yuksek', 9, '6/12/2000'),
('CVE-2011-2005', 'Orta', 6, '3/03/2011'),
('CVE-2011-2011', 'Orta', 5.5, '23/04/2010'),
('CVE-2011-2018', 'Orta', 5.5, '8/12/2015'),
('CVE-2011-2019', 'Yuksek', 8.8, '23/06/2017'),
('CVE-2011-2094', 'Yuksek', 9, '12/03/2017'),
('CVE-2011-2095', 'Yuksek', 8.8, '24/02/2009'),
('CVE-2011-2096', 'Yuksek', 8.8, '31/03/2003'),
('CVE-2011-2097', 'Yuksek', 9, '5/03/2001'),
('CVE-2011-2098', 'Yuksek', 8.8, '7/12/1994'),
('CVE-2011-2099', 'Yuksek', 8.8, '10/11/1996'),
('CVE-2011-3389', 'Dusuk', 1.5, '19/05/2011'),
('CVE-2011-3397', 'Yuksek', 8.8, '30/12/1992'),
('CVE-2011-3400', 'Yuksek', 9, '4/03/1992'),
('CVE-2011-3401', 'Yuksek', 8.8, '29/06/1991'),
('CVE-2011-3402', 'Yuksek', 9, '24/10/2008'),
('CVE-2011-3404', 'Dusuk', 1.5, '30/08/1999'),
('CVE-2011-3408', 'Orta', 5.5, '5/07/2009'),
('CVE-2011-4369', 'Yuksek', 10, '31/10/2001'),
('CVE-2011-4370', 'Orta', 5, '13/12/1992'),
('CVE-2011-4371', 'Orta', 5, '25/12/2017'),
('CVE-2011-4372', 'Orta', 5, '17/07/1997'),
('CVE-2011-4373', 'Orta', 5, '18/02/2001'),
('CVE-2011-4434', 'Dusuk', 1.8, '15/10/2007'),
('CVE-2011-4689', 'Dusuk', 1.7, '3/08/1995'),
('CVE-2012-0151', 'Yuksek', 8.8, '23/10/2010'),
('CVE-2012-0152', 'Dusuk', 1.5, '3/12/1995'),
('CVE-2012-0154', 'Orta', 5.5, '15/04/1999'),
('CVE-2012-0155', 'Yuksek', 8.8, '24/03/2009'),
('CVE-2012-0157', 'Orta', 5.5, '8/01/2013'),
('CVE-2012-0159', 'Yuksek', 8.8, '25/07/1997'),
('CVE-2012-0160', 'Yuksek', 8.8, '24/09/2018'),
('CVE-2012-0161', 'Yuksek', 8.8, '17/04/2011'),
('CVE-2012-0162', 'Yuksek', 8.8, '24/09/1999'),
('CVE-2012-0164', 'Dusuk', 1.7, '29/04/2011'),
('CVE-2012-0165', 'Yuksek', 8.8, '29/01/1996'),
('CVE-2012-0167', 'Yuksek', 8.8, '10/05/2011'),
('CVE-2012-0168', 'Orta', 6.9, '11/08/1991'),
('CVE-2012-0169', 'Yuksek', 8.8, '10/10/2004'),
('CVE-2012-0170', 'Yuksek', 8.8, '13/08/2006'),
('CVE-2012-0171', 'Yuksek', 8.8, '7/09/2003'),
('CVE-2012-0172', 'Yuksek', 8.8, '31/01/2015'),
('CVE-2012-0173', 'Yuksek', 9, '9/10/2019'),
('CVE-2012-0174', 'Dusuk', 0.5, '15/09/2014'),
('CVE-2012-0175', 'Yuksek', 8.8, '26/12/1999'),
('CVE-2012-0176', 'Yuksek', 8.8, '20/11/1993'),
('CVE-2012-0178', 'Orta', 5.5, '25/06/2011'),
('CVE-2012-0179', 'Orta', 5.5, '24/01/1991'),
('CVE-2012-0180', 'Orta', 5.5, '28/01/1991'),
('CVE-2012-0181', 'Orta', 6, '12/12/2009'),
('CVE-2012-0217', 'Orta', 6, '22/07/2012'),
('CVE-2012-0553', 'Orta', 4.6, '30/09/1994'),
('CVE-2012-0572', 'Dusuk', 0.9, '28/06/1999'),
('CVE-2012-0574', 'Dusuk', 0.9, '31/07/2006'),
('CVE-2012-0578', 'Dusuk', 0.9, '5/08/2002'),
('CVE-2012-1515', 'Yuksek', 8, '3/05/2013'),
('CVE-2012-1523', 'Yuksek', 8.8, '2/01/2001'),
('CVE-2012-1526', 'Yuksek', 8.8, '30/01/2006'),
('CVE-2012-1527', 'Yuksek', 8.8, '22/03/2019'),
('CVE-2012-1528', 'Yuksek', 9, '26/10/1992'),
('CVE-2012-1529', 'Yuksek', 8.8, '16/08/2003'),
('CVE-2012-1530', 'Yuksek', 10, '19/02/1996'),
('CVE-2012-1537', 'Yuksek', 8.8, '20/11/1993'),
('CVE-2012-1545', 'Dusuk', 2.9, '19/08/2015'),
('CVE-2012-1702', 'Dusuk', 1.7, '21/07/2019'),
('CVE-2012-1705', 'Dusuk', 0.9, '22/07/1991'),
('CVE-2012-1848', 'Orta', 5.5, '6/12/2008'),
('CVE-2012-1850', 'Dusuk', 1.7, '24/06/2003'),
('CVE-2012-1851', 'Yuksek', 10, '1/05/2008'),
('CVE-2012-1852', 'Yuksek', 10, '27/12/2004'),
('CVE-2012-1853', 'Yuksek', 10, '9/06/1996'),
('CVE-2012-1855', 'Yuksek', 8.8, '10/12/2002'),
('CVE-2012-1858', 'Dusuk', 1.5, '24/01/2012'),
('CVE-2012-1864', 'Orta', 6, '12/06/1991'),
('CVE-2012-1865', 'Orta', 5.5, '6/03/2003'),
('CVE-2012-1866', 'Orta', 5.5, '31/05/1998'),
('CVE-2012-1867', 'Orta', 5.5, '2/10/1999'),
('CVE-2012-1868', 'Orta', 4.9, '1/12/2018'),
('CVE-2012-1870', 'Dusuk', 1.5, '28/09/2013'),
('CVE-2012-1872', 'Dusuk', 1.5, '22/03/1995'),
('CVE-2012-1873', 'Dusuk', 1.5, '26/08/2008'),
('CVE-2012-1874', 'Yuksek', 8.8, '11/05/2011'),
('CVE-2012-1875', 'Yuksek', 9, '13/03/2000'),
('CVE-2012-1876', 'Yuksek', 9, '12/12/2001'),
('CVE-2012-1877', 'Yuksek', 8.8, '18/06/2008'),
('CVE-2012-1878', 'Yuksek', 8.8, '3/02/2018'),
('CVE-2012-1879', 'Yuksek', 8.8, '29/11/1999'),
('CVE-2012-1880', 'Yuksek', 8.8, '12/03/2019'),
('CVE-2012-1881', 'Yuksek', 8.8, '9/01/1990'),
('CVE-2012-1882', 'Dusuk', 1.5, '4/06/1997'),
('CVE-2012-1889', 'Yuksek', 9, '24/09/1999'),
('CVE-2012-1890', 'Orta', 6, '26/04/1999'),
('CVE-2012-1891', 'Yuksek', 8.8, '31/03/2016'),
('CVE-2012-1893', 'Orta', 5.5, '7/01/2001'),
('CVE-2012-1895', 'Yuksek', 8.8, '10/08/2003'),
('CVE-2012-1896', 'Dusuk', 1.7, '24/01/1997'),
('CVE-2012-2897', 'Yuksek', 10, '16/10/2017'),
('CVE-2012-5060', 'Dusuk', 1.8, '13/02/2013'),
('CVE-2012-5096', 'Dusuk', 0.8, '20/02/1999'),
('CVE-2012-6502', 'Dusuk', 1.2, '24/12/2019'),
('CVE-2013-0001', 'Dusuk', 1.5, '5/12/1999'),
('CVE-2013-0003', 'Yuksek', 8.8, '22/03/2009'),
('CVE-2013-0008', 'Orta', 6, '30/05/2005'),
('CVE-2013-0028', 'Yuksek', 8.8, '5/03/2006'),
('CVE-2013-0029', 'Yuksek', 8.8, '26/12/2017'),
('CVE-2013-1092', 'Orta', 5.5, '8/10/1991'),
('CVE-2013-1248', 'Dusuk', 1.8, '9/03/2020'),
('CVE-2013-1249', 'Dusuk', 1.8, '14/12/2010'),
('CVE-2013-1250', 'Dusuk', 1.8, '12/03/2018'),
('CVE-2013-1251', 'Dusuk', 1.8, '17/01/2001'),
('CVE-2013-1252', 'Dusuk', 1.8, '29/10/1999'),
('CVE-2013-1253', 'Dusuk', 1.8, '26/01/2018'),
('CVE-2013-1254', 'Dusuk', 1.8, '29/01/2000'),
('CVE-2013-1255', 'Dusuk', 1.8, '7/02/2016'),
('CVE-2013-1256', 'Dusuk', 1.8, '15/12/1993'),
('CVE-2013-1257', 'Dusuk', 1.8, '6/11/2014'),
('CVE-2013-1258', 'Dusuk', 1.8, '19/07/2011'),
('CVE-2013-1259', 'Dusuk', 1.8, '15/01/2003'),
('CVE-2013-1260', 'Dusuk', 1.8, '12/07/1997'),
('CVE-2013-1261', 'Dusuk', 1.8, '2/07/2020'),
('CVE-2013-1262', 'Dusuk', 1.8, '3/04/2008'),
('CVE-2013-1263', 'Dusuk', 1.8, '7/10/2004'),
('CVE-2013-1264', 'Dusuk', 1.8, '20/06/1997'),
('CVE-2013-1265', 'Dusuk', 1.8, '6/10/2019'),
('CVE-2013-1266', 'Dusuk', 1.8, '28/05/2013'),
('CVE-2013-1267', 'Dusuk', 1.8, '3/03/2015'),
('CVE-2013-1268', 'Dusuk', 1.8, '1/06/2009'),
('CVE-2013-1269', 'Dusuk', 1.8, '17/08/1998'),
('CVE-2013-1270', 'Dusuk', 1.8, '14/12/2017'),
('CVE-2013-1271', 'Dusuk', 1.8, '3/01/2002'),
('CVE-2013-1272', 'Dusuk', 1.8, '21/11/2000'),
('CVE-2013-1273', 'Dusuk', 1.8, '27/06/2019'),
('CVE-2013-1274', 'Dusuk', 1.8, '2/01/2011'),
('CVE-2013-1275', 'Dusuk', 1.8, '2/10/1996'),
('CVE-2013-1276', 'Dusuk', 1.8, '19/02/1993'),
('CVE-2013-1277', 'Dusuk', 1.8, '21/10/2016'),
('CVE-2013-1278', 'Orta', 5.5, '7/07/2013'),
('CVE-2013-1279', 'Orta', 5.5, '22/03/2018'),
('CVE-2013-1280', 'Orta', 5.5, '11/02/2020'),
('CVE-2013-1283', 'Orta', 4.9, '17/08/2012'),
('CVE-2013-1284', 'Dusuk', 1.8, '14/03/2014'),
('CVE-2013-1285', 'Orta', 5.5, '19/04/2004'),
('CVE-2013-1286', 'Orta', 5.5, '18/07/1991'),
('CVE-2013-1287', 'Orta', 5.5, '2/06/2002'),
('CVE-2013-1288', 'Yuksek', 8.8, '18/07/1999'),
('CVE-2013-1291', 'Dusuk', 3, '20/07/2017'),
('CVE-2013-1292', 'Orta', 4.9, '22/02/2010'),
('CVE-2013-1293', 'Orta', 4.9, '15/07/2010'),
('CVE-2013-1294', 'Dusuk', 1.8, '29/07/2001'),
('CVE-2013-1295', 'Orta', 5.5, '15/02/2010'),
('CVE-2013-1297', 'Dusuk', 1.5, '6/04/2000'),
('CVE-2013-1300', 'Orta', 6, '25/10/2014'),
('CVE-2013-1303', 'Yuksek', 8.8, '5/04/1995'),
('CVE-2013-1304', 'Yuksek', 8.8, '2/11/1999'),
('CVE-2013-1306', 'Yuksek', 9, '11/04/2017'),
('CVE-2013-1308', 'Yuksek', 8.8, '22/11/1995'),
('CVE-2013-1310', 'Yuksek', 8.8, '1/05/2000'),
('CVE-2013-1312', 'Yuksek', 8.8, '28/10/2011'),
('CVE-2013-1315', 'Yuksek', 8.8, '11/01/2003'),
('CVE-2013-1325', 'Yuksek', 8.8, '22/04/1999'),
('CVE-2013-1332', 'Orta', 5.5, '1/06/2012'),
('CVE-2013-2151', 'Orta', 5.5, '27/02/1992'),
('CVE-2013-2152', 'Orta', 5.5, '7/03/2008'),
('CVE-2013-2162', 'Dusuk', 0.6, '25/11/2006'),
('CVE-2013-2176', 'Orta', 5.5, '2/05/2019'),
('CVE-2013-2207', 'Dusuk', 1.3, '13/05/2019'),
('CVE-2013-2231', 'Orta', 5.5, '19/06/2008'),
('CVE-2013-2375', 'Dusuk', 2.2, '18/04/2006'),
('CVE-2013-2376', 'Dusuk', 0.9, '15/07/1990'),
('CVE-2013-2378', 'Dusuk', 2.2, '25/06/2012'),
('CVE-2013-2383', 'Yuksek', 10, '24/06/1997'),
('CVE-2013-2384', 'Yuksek', 10, '7/08/1998'),
('CVE-2013-2389', 'Dusuk', 0.9, '30/05/1995'),
('CVE-2013-2391', 'Dusuk', 0.8, '31/10/2009'),
('CVE-2013-2392', 'Dusuk', 0.9, '4/06/2006'),
('CVE-2013-2419', 'Dusuk', 1.7, '9/03/2015'),
('CVE-2013-2549', 'Orta', 5, '10/03/2017'),
('CVE-2013-2550', 'Orta', 5, '17/11/2013'),
('CVE-2013-2551', 'Yuksek', 9, '11/12/2015'),
('CVE-2013-2556', 'Orta', 5, '11/10/2001'),
('CVE-2013-2566', 'Dusuk', 1.5, '20/05/2019'),
('CVE-2013-3660', 'Orta', 5.4, '27/10/1999'),
('CVE-2013-3783', 'Dusuk', 0.9, '5/01/2012'),
('CVE-2013-3793', 'Dusuk', 0.9, '18/09/2004'),
('CVE-2013-3802', 'Dusuk', 0.9, '9/09/2016'),
('CVE-2013-3804', 'Dusuk', 0.9, '16/02/2007'),
('CVE-2013-3809', 'Dusuk', 0.9, '21/02/1996'),
('CVE-2013-3812', 'Dusuk', 0.8, '20/02/2003'),
('CVE-2013-3839', 'Dusuk', 0.9, '6/04/1992'),
('CVE-2013-3845', 'Yuksek', 8.8, '30/05/2003'),
('CVE-2013-3846', 'Yuksek', 9, '22/04/2014'),
('CVE-2013-3860', 'Dusuk', 3.3, '21/06/2002'),
('CVE-2013-3861', 'Dusuk', 3.3, '19/10/2001'),
('CVE-2013-3862', 'Orta', 4.9, '21/06/2001'),
('CVE-2013-3863', 'Yuksek', 8.8, '12/04/2014'),
('CVE-2013-3864', 'Orta', 5.5, '23/03/2010'),
('CVE-2013-3865', 'Orta', 5.5, '1/04/2010'),
('CVE-2013-3866', 'Orta', 5.5, '21/04/1997'),
('CVE-2013-3868', 'Dusuk', 1.7, '7/10/2013'),
('CVE-2013-3869', 'Dusuk', 1.7, '30/04/2002'),
('CVE-2013-3871', 'Yuksek', 8.8, '14/01/2014'),
('CVE-2013-3872', 'Yuksek', 8.8, '14/07/1993'),
('CVE-2013-3873', 'Yuksek', 8.8, '25/07/1998'),
('CVE-2013-3874', 'Yuksek', 8.8, '9/02/1991'),
('CVE-2013-3875', 'Yuksek', 8.8, '22/09/2005'),
('CVE-2013-3876', 'Dusuk', 2.9, '9/07/2010'),
('CVE-2013-3878', 'Orta', 4.9, '14/10/1997'),
('CVE-2013-3879', 'Orta', 5.5, '24/10/1993'),
('CVE-2013-3880', 'Dusuk', 0.8, '30/01/1993'),
('CVE-2013-3881', 'Orta', 6, '30/04/2005'),
('CVE-2013-3882', 'Yuksek', 8.8, '19/09/2003'),
('CVE-2013-3885', 'Yuksek', 8.8, '24/09/2002'),
('CVE-2013-3886', 'Yuksek', 8.8, '11/07/1993'),
('CVE-2013-3887', 'Dusuk', 1.8, '1/03/2009'),
('CVE-2013-3888', 'Orta', 5.5, '26/11/2008'),
('CVE-2013-3889', 'Yuksek', 8.8, '4/09/2016'),
('CVE-2013-3890', 'Yuksek', 8.8, '1/09/1996'),
('CVE-2013-3893', 'Yuksek', 9, '21/04/2013'),
('CVE-2013-3894', 'Yuksek', 8.8, '27/11/2015'),
('CVE-2013-3897', 'Yuksek', 9, '10/08/1993'),
('CVE-2013-3899', 'Orta', 5.5, '16/07/2007'),
('CVE-2013-3940', 'Yuksek', 8.8, '28/12/1997'),
('CVE-2013-4858', 'Dusuk', 1.5, '10/03/1998'),
('CVE-2014-0578', 'Dusuk', 1.7, '22/11/2014'),
('CVE-2014-0759', 'Orta', 4.9, '2/05/2019'),
('CVE-2014-1800', 'Yuksek', 9, '12/11/2006'),
('CVE-2014-1802', 'Yuksek', 9, '21/10/2001'),
('CVE-2014-1803', 'Yuksek', 9, '5/11/2007'),
('CVE-2014-1804', 'Yuksek', 9, '17/01/1998'),
('CVE-2014-1805', 'Yuksek', 9, '31/03/1997'),
('CVE-2014-1806', 'Yuksek', 10, '7/10/2012'),
('CVE-2014-1807', 'Orta', 6, '12/06/2009'),
('CVE-2014-1808', 'Dusuk', 1.5, '19/12/2005'),
('CVE-2014-1814', 'Orta', 5.5, '11/05/2007'),
('CVE-2014-1815', 'Yuksek', 9, '27/08/2004'),
('CVE-2014-1824', 'Yuksek', 8.8, '2/06/1997'),
('CVE-2014-4062', 'Dusuk', 1.5, '17/04/1993'),
('CVE-2014-4072', 'Dusuk', 1.7, '6/09/2002'),
('CVE-2014-4073', 'Yuksek', 10, '8/12/2009'),
('CVE-2014-4077', 'Yuksek', 8.8, '12/01/2018'),
('CVE-2014-4113', 'Orta', 6, '7/01/2018'),
('CVE-2014-4114', 'Yuksek', 9, '11/08/1998'),
('CVE-2014-4118', 'Yuksek', 8.8, '9/11/2009'),
('CVE-2014-4121', 'Yuksek', 10, '11/09/2005'),
('CVE-2014-4122', 'Dusuk', 1.5, '3/01/2005'),
('CVE-2014-4143', 'Yuksek', 8.8, '14/03/2009'),
('CVE-2014-4148', 'Yuksek', 8.8, '22/06/1996'),
('CVE-2014-4149', 'Yuksek', 8.8, '17/01/2011'),
('CVE-2014-4199', 'Dusuk', 3.6, '20/12/2012'),
('CVE-2014-4200', 'Dusuk', 1.8, '3/06/1991'),
('CVE-2014-4207', 'Dusuk', 0.9, '30/08/1996'),
('CVE-2014-4258', 'Dusuk', 2.4, '15/01/1996'),
('CVE-2014-4260', 'Dusuk', 1.8, '9/09/1991'),
('CVE-2014-4274', 'Dusuk', 1.2, '5/06/2000'),
('CVE-2014-4287', 'Dusuk', 0.9, '20/01/1990'),
('CVE-2014-4330', 'Dusuk', 1, '16/06/2009'),
('CVE-2014-4341', 'Dusuk', 1.7, '10/03/1990'),
('CVE-2014-4342', 'Dusuk', 1.7, '11/07/2015'),
('CVE-2014-4343', 'Orta', 6.9, '29/11/1995'),
('CVE-2014-4344', 'Dusuk', 3.3, '10/07/2012'),
('CVE-2014-4345', 'Orta', 4.7, '4/11/2012'),
('CVE-2014-5351', 'Dusuk', 0.6, '15/04/1998'),
('CVE-2014-5352', 'Orta', 5.3, '30/10/2019'),
('CVE-2014-5353', 'Dusuk', 0.8, '24/04/2010'),
('CVE-2014-5354', 'Dusuk', 0.8, '25/01/1992'),
('CVE-2014-5355', 'Dusuk', 1.7, '13/08/1999'),
('CVE-2014-5455', 'Orta', 5.4, '13/06/1993'),
('CVE-2014-5461', 'Dusuk', 1.7, '17/07/2012'),
('CVE-2014-7923', 'Orta', 5, '31/01/2011'),
('CVE-2014-7926', 'Orta', 5, '24/02/2005'),
('CVE-2014-7940', 'Orta', 5, '1/05/2006'),
('CVE-2014-9092', 'Dusuk', 1.5, '7/01/1997'),
('CVE-2014-9093', 'Orta', 5, '2/01/2013'),
('CVE-2014-9112', 'Dusuk', 1.7, '6/07/2015'),
('CVE-2014-9317', 'Orta', 5, '2/05/2015'),
('CVE-2014-9330', 'Dusuk', 1.7, '19/02/2012'),
('CVE-2015-2150', 'Dusuk', 1.8, '24/12/2019'),
('CVE-2015-2153', 'Dusuk', 1.7, '4/05/1999'),
('CVE-2015-2154', 'Dusuk', 1.7, '4/04/2016'),
('CVE-2015-2155', 'Orta', 5, '4/09/2020'),
('CVE-2015-2304', 'Dusuk', 3.3, '12/09/2015'),
('CVE-2015-2325', 'Orta', 4.4, '13/04/2016'),
('CVE-2015-2326', 'Dusuk', 1.5, '24/12/2017'),
('CVE-2015-2327', 'Orta', 5, '21/07/1997'),
('CVE-2015-2328', 'Orta', 5, '28/09/2007'),
('CVE-2015-2360', 'Orta', 5.5, '6/05/2015'),
('CVE-2015-2361', 'Orta', 5.5, '12/11/1993'),
('CVE-2015-2362', 'Orta', 5.5, '22/09/2012'),
('CVE-2015-2363', 'Orta', 5.5, '23/06/2006'),
('CVE-2015-2364', 'Orta', 5.5, '28/04/1994'),
('CVE-2015-2365', 'Orta', 6, '17/06/1999'),
('CVE-2015-2366', 'Orta', 6, '6/03/1995'),
('CVE-2015-2367', 'Dusuk', 0.9, '4/05/2006'),
('CVE-2015-2368', 'Orta', 4.9, '9/06/1993'),
('CVE-2015-2369', 'Orta', 4.9, '15/11/2018'),
('CVE-2015-2370', 'Orta', 6, '4/07/2004'),
('CVE-2015-2371', 'Orta', 4.9, '14/06/2018'),
('CVE-2015-2372', 'Yuksek', 8.8, '3/03/2015'),
('CVE-2015-2373', 'Yuksek', 10, '12/01/1999'),
('CVE-2015-2375', 'Dusuk', 1.5, '3/05/2006'),
('CVE-2015-2376', 'Yuksek', 8.8, '7/04/2010'),
('CVE-2015-2377', 'Yuksek', 8.8, '30/01/1996'),
('CVE-2015-2378', 'Orta', 4.9, '25/08/2013'),
('CVE-2015-2379', 'Yuksek', 8.8, '14/10/1994'),
('CVE-2015-2380', 'Yuksek', 8.8, '9/10/1996'),
('CVE-2015-2381', 'Dusuk', 0.9, '9/04/1990'),
('CVE-2015-2382', 'Dusuk', 0.9, '14/10/1992'),
('CVE-2015-2383', 'Yuksek', 8.8, '8/09/2017'),
('CVE-2015-2384', 'Yuksek', 8.8, '18/10/2017'),
('CVE-2015-2385', 'Yuksek', 8.8, '19/12/2010'),
('CVE-2015-2387', 'Orta', 5.5, '10/03/1997'),
('CVE-2015-2388', 'Yuksek', 8.8, '9/03/2020'),
('CVE-2015-2389', 'Yuksek', 8.8, '6/09/2018'),
('CVE-2015-2390', 'Yuksek', 8.8, '7/07/2001'),
('CVE-2015-2391', 'Yuksek', 8.8, '23/07/2003'),
('CVE-2015-2397', 'Yuksek', 8.8, '15/10/2014'),
('CVE-2015-2398', 'Dusuk', 1.5, '14/03/2016'),
('CVE-2015-2401', 'Yuksek', 8.8, '23/07/2006'),
('CVE-2015-2402', 'Dusuk', 1.5, '25/07/2005'),
('CVE-2015-2403', 'Yuksek', 8.8, '1/11/1998'),
('CVE-2015-2404', 'Yuksek', 8.8, '6/09/1992'),
('CVE-2015-2406', 'Yuksek', 8.8, '10/03/2003'),
('CVE-2015-2408', 'Yuksek', 8.8, '12/05/1997'),
('CVE-2015-3193', 'Dusuk', 1.7, '8/03/1991'),
('CVE-2015-3195', 'Dusuk', 1.7, '22/05/1998'),
('CVE-2015-3196', 'Dusuk', 1.5, '6/08/2018'),
('CVE-2015-3202', 'Dusuk', 2, '7/01/1996'),
('CVE-2015-3210', 'Orta', 5, '8/07/1998'),
('CVE-2015-3218', 'Dusuk', 0.9, '13/06/1994'),
('CVE-2015-3228', 'Orta', 4.4, '14/05/2012'),
('CVE-2015-3255', 'Dusuk', 2.7, '28/10/2002'),
('CVE-2015-3258', 'Orta', 5, '24/02/2020'),
('CVE-2015-3279', 'Orta', 5, '28/09/1990'),
('CVE-2015-3288', 'Orta', 5.5, '5/06/1994'),
('CVE-2015-3294', 'Dusuk', 3.3, '5/08/2012'),
('CVE-2015-3310', 'Dusuk', 1.5, '14/07/2007'),
('CVE-2015-3414', 'Orta', 5, '12/04/1991'),
('CVE-2015-3415', 'Orta', 5, '20/11/2004'),
('CVE-2015-3416', 'Orta', 5, '11/08/1992'),
('CVE-2015-3622', 'Dusuk', 1.5, '6/10/1993'),
('CVE-2015-4500', 'Orta', 5, '25/12/1993'),
('CVE-2015-4501', 'Orta', 5, '13/08/1994'),
('CVE-2015-4502', 'Dusuk', 1.5, '11/07/1996'),
('CVE-2015-4504', 'Dusuk', 3.3, '12/07/2018'),
('CVE-2015-4506', 'Orta', 4.4, '9/12/2006'),
('CVE-2015-4507', 'Dusuk', 3.5, '8/09/2013'),
('CVE-2015-4508', 'Dusuk', 1.2, '19/12/2014'),
('CVE-2015-4509', 'Orta', 5, '13/01/1998'),
('CVE-2015-4510', 'Orta', 4.4, '19/10/1992'),
('CVE-2015-4511', 'Orta', 4.4, '22/08/1991'),
('CVE-2015-4512', 'Dusuk', 3.3, '14/03/2003'),
('CVE-2015-4513', 'Orta', 5, '18/11/2011'),
('CVE-2015-4514', 'Orta', 5, '15/01/2016'),
('CVE-2015-4515', 'Dusuk', 1.5, '3/02/2004'),
('CVE-2015-4516', 'Yuksek', 8.8, '28/07/2004'),
('CVE-2015-4517', 'Orta', 5, '13/11/2009'),
('CVE-2015-4518', 'Dusuk', 1.5, '31/03/1994'),
('CVE-2015-4519', 'Dusuk', 1.5, '21/05/1990'),
('CVE-2015-4520', 'Dusuk', 3.3, '8/04/1992'),
('CVE-2015-4521', 'Orta', 5, '22/12/2008'),
('CVE-2015-4522', 'Orta', 5, '30/10/2017'),
('CVE-2015-4551', 'Dusuk', 1.5, '4/09/2015'),
('CVE-2015-4588', 'Orta', 4.4, '13/08/2016'),
('CVE-2015-4625', 'Dusuk', 2.7, '19/12/2004'),
('CVE-2015-4695', 'Dusuk', 1.7, '6/05/1996'),
('CVE-2015-4696', 'Dusuk', 1.5, '14/11/1990'),
('CVE-2015-4730', 'Dusuk', 0.9, '11/01/2015'),
('CVE-2015-4737', 'Dusuk', 0.6, '7/01/1996'),
('CVE-2015-4752', 'Dusuk', 0.9, '21/12/1995'),
('CVE-2015-4757', 'Dusuk', 0.8, '21/02/1991'),
('CVE-2015-4760', 'Yuksek', 10, '4/04/2020'),
('CVE-2015-4761', 'Dusuk', 0.8, '28/08/2008'),
('CVE-2015-4766', 'Dusuk', 0.8, '24/07/2011'),
('CVE-2015-4767', 'Dusuk', 0.6, '15/12/2000'),
('CVE-2015-4769', 'Dusuk', 0.8, '2/10/2003'),
('CVE-2015-4771', 'Dusuk', 0.8, '4/12/1992'),
('CVE-2015-4772', 'Dusuk', 0.9, '31/03/2004'),
('CVE-2015-4792', 'Dusuk', 0.6, '4/11/2020'),
('CVE-2015-4800', 'Dusuk', 0.9, '30/06/1996'),
('CVE-2015-4802', 'Dusuk', 0.9, '18/04/2020'),
('CVE-2015-4815', 'Dusuk', 0.9, '7/03/2015'),
('CVE-2015-4816', 'Dusuk', 0.9, '20/01/2016'),
('CVE-2015-4819', 'Orta', 5, '9/06/2010'),
('CVE-2015-4826', 'Dusuk', 0.7, '25/06/2010'),
('CVE-2015-4830', 'Dusuk', 0.9, '23/06/2012'),
('CVE-2015-4833', 'Dusuk', 0.9, '15/01/1991'),
('CVE-2015-4836', 'Dusuk', 0.7, '24/05/2015'),
('CVE-2015-4858', 'Dusuk', 0.9, '30/10/2014'),
('CVE-2015-4861', 'Dusuk', 0.8, '5/06/1991'),
('CVE-2015-4862', 'Dusuk', 0.9, '14/07/2014'),
('CVE-2015-4864', 'Dusuk', 0.8, '27/04/2014'),
('CVE-2015-4866', 'Dusuk', 0.9, '28/08/1998'),
('CVE-2015-4870', 'Dusuk', 0.9, '17/06/1990'),
('CVE-2015-4879', 'Dusuk', 1.7, '8/01/1995'),
('CVE-2015-4890', 'Dusuk', 0.8, '11/08/2011'),
('CVE-2015-4895', 'Dusuk', 0.8, '29/07/1993'),
('CVE-2015-4904', 'Dusuk', 0.9, '19/05/1994'),
('CVE-2015-4910', 'Dusuk', 0.6, '22/02/2015'),
('CVE-2015-4913', 'Dusuk', 0.8, '7/07/2010'),
('CVE-2015-5950', 'Orta', 4.9, '4/07/2019'),
('CVE-2015-7174', 'Orta', 5, '2/03/2008'),
('CVE-2015-7175', 'Orta', 5, '4/07/2013'),
('CVE-2015-7176', 'Orta', 5, '5/03/2017'),
('CVE-2015-7177', 'Orta', 5, '4/11/2010'),
('CVE-2015-7180', 'Orta', 5, '15/11/2014'),
('CVE-2015-7181', 'Orta', 5, '17/11/1994'),
('CVE-2015-7182', 'Orta', 5, '23/11/2019'),
('CVE-2015-7183', 'Orta', 5, '10/08/2008'),
('CVE-2015-7184', 'Orta', 4.4, '24/04/2007'),
('CVE-2015-7187', 'Dusuk', 1.5, '7/01/2018'),
('CVE-2015-7188', 'Orta', 5, '14/12/2019'),
('CVE-2015-7189', 'Orta', 4.4, '23/05/2005'),
('CVE-2015-7193', 'Orta', 5, '8/04/2013'),
('CVE-2015-7194', 'Orta', 5, '18/04/2008'),
('CVE-2015-7195', 'Dusuk', 1.7, '1/11/2009'),
('CVE-2015-7196', 'Orta', 4.4, '13/08/1998'),
('CVE-2015-7197', 'Dusuk', 1.7, '20/09/2008'),
('CVE-2015-7198', 'Orta', 5, '22/11/2007'),
('CVE-2015-7199', 'Orta', 5, '16/11/2009'),
('CVE-2015-7200', 'Orta', 5, '5/11/2015'),
('CVE-2015-7201', 'Yuksek', 10, '14/01/1993'),
('CVE-2015-7202', 'Yuksek', 10, '13/11/2009'),
('CVE-2015-7203', 'Yuksek', 10, '18/02/2014'),
('CVE-2015-7204', 'Orta', 4.4, '23/01/1998'),
('CVE-2015-7205', 'Yuksek', 10, '25/05/1990'),
('CVE-2015-7207', 'Dusuk', 1.7, '23/11/2012'),
('CVE-2015-7208', 'Dusuk', 1.7, '12/08/1998'),
('CVE-2015-7210', 'Orta', 5, '24/12/2019'),
('CVE-2015-7211', 'Dusuk', 1.7, '2/09/1990'),
('CVE-2015-7212', 'Orta', 5, '29/07/1993'),
('CVE-2015-7213', 'Orta', 4.4, '18/01/1998'),
('CVE-2015-7214', 'Dusuk', 1.7, '5/10/2015'),
('CVE-2015-7215', 'Dusuk', 1.7, '4/01/1995'),
('CVE-2015-7216', 'Orta', 4.4, '27/01/2014'),
('CVE-2015-7217', 'Dusuk', 1.5, '1/06/2006'),
('CVE-2015-7218', 'Dusuk', 1.7, '9/02/2007'),
('CVE-2015-7219', 'Dusuk', 1.7, '31/07/2003'),
('CVE-2015-7220', 'Yuksek', 10, '3/09/1992'),
('CVE-2015-7221', 'Yuksek', 10, '16/03/2005'),
('CVE-2015-7222', 'Orta', 4.4, '1/04/1991'),
('CVE-2015-7223', 'Dusuk', 2.3, '21/02/1992'),
('CVE-2015-8070', 'Yuksek', 10, '21/12/2007'),
('CVE-2015-8071', 'Yuksek', 10, '7/10/2008'),
('CVE-2015-8126', 'Orta', 5, '16/05/2019'),
('CVE-2015-8156', 'Orta', 5.5, '9/04/2004'),
('CVE-2015-8216', 'Orta', 5, '16/04/2019'),
('CVE-2015-8217', 'Orta', 5, '14/11/2006'),
('CVE-2015-8241', 'Dusuk', 3.3, '17/12/2000'),
('CVE-2015-8242', 'Dusuk', 2.9, '28/10/2004'),
('CVE-2015-8317', 'Dusuk', 1.7, '31/07/2001'),
('CVE-2015-8327', 'Orta', 5, '2/08/1998'),
('CVE-2015-8363', 'Orta', 4.4, '9/12/2010'),
('CVE-2015-8364', 'Orta', 4.4, '27/04/1992'),
('CVE-2015-8370', 'Orta', 4.9, '3/09/2003'),
('CVE-2015-8380', 'Orta', 5, '3/07/2019'),
('CVE-2015-8381', 'Orta', 5, '10/05/2002'),
('CVE-2015-8382', 'Dusuk', 3.3, '7/07/2001'),
('CVE-2015-8383', 'Orta', 5, '2/05/2018'),
('CVE-2015-8384', 'Orta', 5, '9/05/2002'),
('CVE-2015-8385', 'Orta', 5, '4/12/2006'),
('CVE-2015-8386', 'Orta', 5, '25/07/2016'),
('CVE-2015-8387', 'Orta', 5, '24/01/2010'),
('CVE-2015-8388', 'Orta', 5, '8/04/2002'),
('CVE-2015-8389', 'Orta', 5, '4/02/2014'),
('CVE-2015-8390', 'Orta', 5, '11/01/2008'),
('CVE-2015-8391', 'Orta', 6.7, '19/04/2010'),
('CVE-2015-8392', 'Orta', 5, '9/12/1994'),
('CVE-2015-8393', 'Dusuk', 1.7, '7/01/1990'),
('CVE-2015-8394', 'Orta', 5, '1/08/2020'),
('CVE-2015-8395', 'Orta', 5, '22/08/1998'),
('CVE-2015-8401', 'Yuksek', 10, '3/09/1993'),
('CVE-2015-8402', 'Yuksek', 10, '16/11/1994'),
('CVE-2015-8403', 'Yuksek', 10, '31/05/2016'),
('CVE-2015-8404', 'Yuksek', 10, '9/06/1999'),
('CVE-2015-8405', 'Yuksek', 10, '14/06/1993'),
('CVE-2015-8406', 'Yuksek', 10, '8/10/2018'),
('CVE-2015-8407', 'Yuksek', 10, '10/08/2005'),
('CVE-2015-8408', 'Yuksek', 10, '25/11/2003'),
('CVE-2015-8409', 'Yuksek', 10, '13/05/2004'),
('CVE-2015-8410', 'Yuksek', 10, '3/04/2003'),
('CVE-2015-8411', 'Yuksek', 10, '20/03/2014'),
('CVE-2015-8412', 'Yuksek', 10, '3/06/2010'),
('CVE-2015-8413', 'Yuksek', 10, '16/09/1993'),
('CVE-2015-8414', 'Yuksek', 10, '8/02/1990'),
('CVE-2015-8415', 'Yuksek', 10, '6/11/1992'),
('CVE-2015-8416', 'Yuksek', 10, '19/10/1997'),
('CVE-2015-8417', 'Yuksek', 10, '14/10/2001'),
('CVE-2015-8418', 'Yuksek', 10, '12/12/2009'),
('CVE-2015-8419', 'Yuksek', 10, '7/07/2001'),
('CVE-2015-8420', 'Yuksek', 10, '22/07/1997'),
('CVE-2015-8421', 'Yuksek', 10, '6/05/1990'),
('CVE-2015-8422', 'Yuksek', 10, '7/09/1996'),
('CVE-2015-8423', 'Yuksek', 10, '7/08/2020'),
('CVE-2015-8424', 'Yuksek', 10, '17/04/2015'),
('CVE-2015-8425', 'Yuksek', 10, '20/01/2007'),
('CVE-2015-8426', 'Yuksek', 10, '24/10/2008'),
('CVE-2015-8427', 'Yuksek', 10, '23/04/2014'),
('CVE-2015-8428', 'Yuksek', 10, '9/10/2005'),
('CVE-2015-8429', 'Yuksek', 10, '30/10/2015'),
('CVE-2015-8430', 'Yuksek', 10, '2/10/1996'),
('CVE-2015-8431', 'Yuksek', 10, '11/08/2010'),
('CVE-2015-8432', 'Yuksek', 10, '11/09/2017'),
('CVE-2015-8433', 'Yuksek', 10, '17/04/1997'),
('CVE-2015-8434', 'Yuksek', 10, '20/12/2011'),
('CVE-2015-8435', 'Yuksek', 10, '26/08/2001'),
('CVE-2015-8436', 'Yuksek', 8.8, '3/05/2014'),
('CVE-2015-8437', 'Yuksek', 8.8, '13/11/2004'),
('CVE-2015-8438', 'Yuksek', 8.8, '16/06/1994'),
('CVE-2015-8439', 'Yuksek', 8.8, '9/07/2003'),
('CVE-2015-8440', 'Yuksek', 10, '23/12/1999'),
('CVE-2015-8441', 'Yuksek', 10, '22/06/2019'),
('CVE-2015-8442', 'Yuksek', 8.8, '4/10/2020'),
('CVE-2015-8443', 'Yuksek', 10, '1/01/1992'),
('CVE-2015-8444', 'Yuksek', 10, '14/05/2007'),
('CVE-2015-8445', 'Yuksek', 8.8, '27/01/2020'),
('CVE-2015-8446', 'Yuksek', 8.8, '20/08/2007'),
('CVE-2015-8447', 'Yuksek', 8.8, '13/07/2000'),
('CVE-2015-8448', 'Yuksek', 8.8, '23/07/2017'),
('CVE-2015-8449', 'Yuksek', 8.8, '23/02/2004'),
('CVE-2015-8450', 'Yuksek', 8.8, '24/09/2003'),
('CVE-2015-8451', 'Yuksek', 10, '22/01/2020'),
('CVE-2015-8452', 'Yuksek', 10, '30/05/1998'),
('CVE-2015-8453', 'Dusuk', 1.5, '31/07/1993'),
('CVE-2015-8454', 'Yuksek', 10, '16/07/1992'),
('CVE-2015-8455', 'Yuksek', 10, '11/12/2008'),
('CVE-2015-8456', 'Yuksek', 8.8, '28/12/2019'),
('CVE-2015-8457', 'Yuksek', 10, '5/03/1997'),
('CVE-2015-8459', 'Yuksek', 10, '22/01/2013'),
('CVE-2015-8460', 'Yuksek', 8.8, '27/09/1998'),
('CVE-2015-8472', 'Orta', 5, '26/08/2013'),
('CVE-2015-8540', 'Yuksek', 8.8, '10/04/2014'),
('CVE-2015-8553', 'Dusuk', 0.9, '7/11/2002'),
('CVE-2015-8560', 'Orta', 5, '1/09/2006'),
('CVE-2016-0503', 'Dusuk', 0.9, '31/08/2008'),
('CVE-2016-0504', 'Dusuk', 1.8, '16/11/1996'),
('CVE-2016-0505', 'Dusuk', 1.8, '30/07/1999'),
('CVE-2016-0546', 'Orta', 5, '13/10/1998'),
('CVE-2016-0595', 'Dusuk', 0.9, '25/10/1996'),
('CVE-2016-0596', 'Dusuk', 0.9, '26/05/1996'),
('CVE-2016-0597', 'Dusuk', 0.9, '27/10/2012'),
('CVE-2016-0598', 'Dusuk', 0.8, '6/11/2003'),
('CVE-2016-0600', 'Dusuk', 0.8, '11/06/2016'),
('CVE-2016-0606', 'Dusuk', 0.8, '3/11/1995'),
('CVE-2016-0607', 'Dusuk', 0.7, '6/05/1996'),
('CVE-2016-0608', 'Dusuk', 0.8, '1/06/2015'),
('CVE-2016-0609', 'Dusuk', 0.6, '10/05/2011'),
('CVE-2016-0610', 'Dusuk', 0.8, '9/02/2019'),
('CVE-2016-0611', 'Dusuk', 0.9, '23/08/2018'),
('CVE-2016-0616', 'Dusuk', 0.9, '19/03/2017'),
('CVE-2016-0639', 'Yuksek', 9.2, '11/11/2007'),
('CVE-2016-0640', 'Dusuk', 1.6, '1/02/2020'),
('CVE-2016-0641', 'Dusuk', 1.4, '11/01/2008'),
('CVE-2016-0642', 'Dusuk', 1.4, '28/04/1997'),
('CVE-2016-0643', 'Dusuk', 0.7, '18/06/1998'),
('CVE-2016-0644', 'Dusuk', 0.9, '12/03/2005'),
('CVE-2016-0646', 'Dusuk', 0.9, '2/11/2016'),
('CVE-2016-0647', 'Dusuk', 0.9, '2/08/1993'),
('CVE-2016-0648', 'Dusuk', 0.9, '2/11/2007'),
('CVE-2016-0649', 'Dusuk', 0.9, '23/11/1994'),
('CVE-2016-0650', 'Dusuk', 0.9, '19/05/2000'),
('CVE-2016-0655', 'Dusuk', 0.8, '27/12/1995'),
('CVE-2016-0661', 'Dusuk', 0.8, '26/09/2002'),
('CVE-2016-0665', 'Dusuk', 0.8, '8/11/1994'),
('CVE-2016-0666', 'Dusuk', 0.8, '13/11/1994'),
('CVE-2016-0668', 'Dusuk', 0.6, '16/10/1995'),
('CVE-2016-0718', 'Orta', 5, '26/10/1998'),
('CVE-2016-0739', 'Dusuk', 1.5, '18/07/2003'),
('CVE-2016-0772', 'Dusuk', 3, '8/03/2017'),
('CVE-2016-0775', 'Dusuk', 1.5, '3/06/2007'),
('CVE-2016-0794', 'Yuksek', 8.8, '20/05/2019'),
('CVE-2016-0795', 'Yuksek', 8.8, '13/04/2013'),
('CVE-2016-0800', 'Dusuk', 1.5, '18/04/2006'),
('CVE-2016-10708', 'Dusuk', 1.7, '7/03/2009'),
('CVE-2016-10712', 'Dusuk', 1.7, '29/06/1993'),
('CVE-2016-10713', 'Dusuk', 1.5, '21/11/1994'),
('CVE-2016-10727', 'Dusuk', 1.7, '3/01/2016'),
('CVE-2016-10741', 'Dusuk', 1.6, '17/04/2008'),
('CVE-2016-10743', 'Dusuk', 1.7, '17/11/1992'),
('CVE-2016-10745', 'Dusuk', 1.7, '1/10/1993'),
('CVE-2016-10746', 'Dusuk', 1.7, '16/04/2001'),
('CVE-2016-10906', 'Dusuk', 2.4, '31/12/1995'),
('CVE-2016-1908', 'Orta', 5, '5/04/2017'),
('CVE-2016-1930', 'Yuksek', 10, '22/05/1991'),
('CVE-2016-1931', 'Yuksek', 10, '2/03/2010'),
('CVE-2016-1933', 'Dusuk', 1.5, '9/02/2000'),
('CVE-2016-1935', 'Yuksek', 8.8, '27/09/1994'),
('CVE-2016-1937', 'Dusuk', 1.5, '12/05/1992'),
('CVE-2016-1938', 'Dusuk', 3.3, '13/06/1990'),
('CVE-2016-1939', 'Dusuk', 1.7, '26/08/2007'),
('CVE-2016-1942', 'Dusuk', 1.5, '9/02/1993'),
('CVE-2016-1944', 'Yuksek', 10, '14/03/2011'),
('CVE-2016-1945', 'Yuksek', 8.8, '17/02/1992'),
('CVE-2016-1946', 'Yuksek', 10, '16/12/1997'),
('CVE-2016-1947', 'Dusuk', 1.5, '23/10/1996'),
('CVE-2016-1949', 'Orta', 4.4, '14/01/2019'),
('CVE-2016-1950', 'Orta', 4.4, '7/10/1993'),
('CVE-2016-1951', 'Orta', 5, '9/07/2006'),
('CVE-2016-1952', 'Orta', 4.4, '17/01/1992'),
('CVE-2016-1953', 'Orta', 4.4, '31/08/2014'),
('CVE-2016-1954', 'Orta', 4.4, '18/07/1995'),
('CVE-2016-1955', 'Dusuk', 1.5, '11/01/2014'),
('CVE-2016-1956', 'Dusuk', 2.9, '12/06/2019'),
('CVE-2016-1957', 'Dusuk', 1.5, '26/05/2005'),
('CVE-2016-1958', 'Dusuk', 1.5, '7/03/2004'),
('CVE-2016-1959', 'Orta', 4.4, '18/02/2012'),
('CVE-2016-1960', 'Orta', 4.5, '18/01/2009'),
('CVE-2016-1961', 'Orta', 4.4, '13/10/1997'),
('CVE-2016-1962', 'Yuksek', 10, '16/07/1990'),
('CVE-2016-1963', 'Dusuk', 2.4, '12/01/2002'),
('CVE-2016-1964', 'Orta', 4.4, '9/04/2017'),
('CVE-2016-1965', 'Dusuk', 1.5, '10/09/2004'),
('CVE-2016-1966', 'Orta', 4.4, '6/09/2006'),
('CVE-2016-1967', 'Dusuk', 1.5, '5/01/1998'),
('CVE-2016-1968', 'Orta', 4.4, '4/10/1992'),
('CVE-2016-1973', 'Orta', 4.4, '25/03/2002'),
('CVE-2016-1974', 'Orta', 4.4, '30/03/1993'),
('CVE-2016-1977', 'Orta', 4.4, '25/01/2006'),
('CVE-2016-1978', 'Orta', 5, '9/10/2003'),
('CVE-2016-1979', 'Orta', 4.4, '4/03/2015'),
('CVE-2016-3075', 'Dusuk', 1.7, '16/06/1994'),
('CVE-2016-4088', 'Yuksek', 10, '1/05/2012'),
('CVE-2016-4089', 'Yuksek', 10, '2/10/2019'),
('CVE-2016-4090', 'Yuksek', 10, '28/09/2010'),
('CVE-2016-4091', 'Yuksek', 10, '21/12/2005'),
('CVE-2016-4092', 'Yuksek', 10, '27/07/2007'),
('CVE-2016-4093', 'Yuksek', 10, '3/01/2018'),
('CVE-2016-4094', 'Yuksek', 10, '24/03/1998'),
('CVE-2016-4095', 'Yuksek', 10, '24/10/1999'),
('CVE-2016-4096', 'Yuksek', 10, '12/09/2001'),
('CVE-2016-4097', 'Yuksek', 10, '30/11/2005'),
('CVE-2016-4098', 'Yuksek', 10, '14/12/2008'),
('CVE-2016-4099', 'Yuksek', 10, '6/03/2000'),
('CVE-2016-4100', 'Yuksek', 10, '11/05/1992'),
('CVE-2016-4101', 'Yuksek', 10, '2/10/2002'),
('CVE-2016-4102', 'Yuksek', 10, '29/12/1997'),
('CVE-2016-4103', 'Yuksek', 10, '13/10/2012'),
('CVE-2016-4104', 'Yuksek', 10, '5/06/1999'),
('CVE-2016-4105', 'Yuksek', 10, '24/12/1990'),
('CVE-2016-4106', 'Orta', 5.5, '7/06/2001'),
('CVE-2016-4107', 'Yuksek', 10, '17/07/2000'),
('CVE-2016-4108', 'Yuksek', 7.5, '4/05/2018'),
('CVE-2016-4109', 'Orta', 6.9, '3/11/2002'),
('CVE-2016-4110', 'Orta', 6.9, '16/02/2016'),
('CVE-2016-4111', 'Orta', 6.9, '1/03/1993'),
('CVE-2016-4112', 'Orta', 6.9, '18/04/2019'),
('CVE-2016-4113', 'Orta', 6.9, '28/08/1994'),
('CVE-2016-4114', 'Orta', 6.9, '17/11/2006'),
('CVE-2016-4115', 'Orta', 6.9, '6/04/2013'),
('CVE-2016-4116', 'Orta', 6.9, '19/08/1997'),
('CVE-2016-4117', 'Yuksek', 10, '18/08/2018'),
('CVE-2016-4119', 'Yuksek', 10, '2/09/1998'),
('CVE-2016-4120', 'Orta', 5, '15/12/2020'),
('CVE-2016-4121', 'Orta', 5, '2/11/2020'),
('CVE-2016-4122', 'Yuksek', 8.8, '27/12/1993'),
('CVE-2016-4123', 'Yuksek', 8.8, '8/04/2017'),
('CVE-2016-4124', 'Yuksek', 8.8, '21/12/2015'),
('CVE-2016-4125', 'Yuksek', 8.8, '16/12/2008'),
('CVE-2016-4127', 'Yuksek', 8.8, '8/03/2006'),
('CVE-2016-4128', 'Yuksek', 10, '3/01/1995'),
('CVE-2016-4129', 'Yuksek', 8.8, '17/03/1997'),
('CVE-2016-4130', 'Yuksek', 8.8, '14/12/2019'),
('CVE-2016-4131', 'Yuksek', 8.8, '27/11/2012'),
('CVE-2016-4132', 'Yuksek', 8.8, '19/09/2011'),
('CVE-2016-4133', 'Yuksek', 8.8, '9/08/1997'),
('CVE-2016-4134', 'Yuksek', 8.8, '26/09/1990'),
('CVE-2016-4135', 'Yuksek', 9, '24/12/2004'),
('CVE-2016-4136', 'Yuksek', 9, '8/07/2000'),
('CVE-2016-4137', 'Yuksek', 9, '22/10/2013'),
('CVE-2016-4138', 'Yuksek', 10, '5/10/2013'),
('CVE-2016-4139', 'Yuksek', 8.8, '1/11/1999'),
('CVE-2016-4140', 'Yuksek', 8.8, '3/08/2003'),
('CVE-2016-4141', 'Yuksek', 8.8, '17/04/2009'),
('CVE-2016-4142', 'Yuksek', 8.8, '20/05/2000'),
('CVE-2016-4143', 'Yuksek', 8.8, '29/11/2012'),
('CVE-2016-4144', 'Yuksek', 8.8, '31/08/2004'),
('CVE-2016-4145', 'Yuksek', 8.8, '2/04/2018'),
('CVE-2016-4146', 'Yuksek', 8.8, '31/07/1992'),
('CVE-2016-4147', 'Yuksek', 8.8, '31/12/1990'),
('CVE-2016-4148', 'Yuksek', 8.8, '15/06/2011'),
('CVE-2016-4149', 'Yuksek', 8.8, '19/12/1993'),
('CVE-2016-4150', 'Yuksek', 8.8, '13/05/2018'),
('CVE-2016-4151', 'Yuksek', 8.8, '16/11/2008'),
('CVE-2016-4152', 'Yuksek', 8.8, '3/08/2017'),
('CVE-2016-4153', 'Yuksek', 8.8, '13/10/1993'),
('CVE-2016-4154', 'Yuksek', 8.8, '3/11/1996'),
('CVE-2016-4155', 'Yuksek', 8.8, '5/10/1991'),
('CVE-2016-4156', 'Yuksek', 8.8, '27/10/2015'),
('CVE-2016-4158', 'Orta', 4.9, '25/02/2012'),
('CVE-2016-4160', 'Orta', 5, '10/12/1992'),
('CVE-2016-4161', 'Orta', 5, '12/06/2016'),
('CVE-2016-4162', 'Orta', 5, '18/08/2014'),
('CVE-2016-4163', 'Orta', 5, '18/05/2020'),
('CVE-2016-4166', 'Yuksek', 10, '25/03/2001'),
('CVE-2016-4171', 'Yuksek', 10, '5/11/2010'),
('CVE-2016-4172', 'Yuksek', 10, '10/02/1998'),
('CVE-2016-4173', 'Yuksek', 10, '13/03/2002'),
('CVE-2016-4174', 'Yuksek', 10, '22/08/2016'),
('CVE-2016-4175', 'Yuksek', 10, '21/11/1996'),
('CVE-2016-4176', 'Yuksek', 10, '27/01/1999'),
('CVE-2016-4177', 'Yuksek', 10, '19/10/2006'),
('CVE-2016-4178', 'Dusuk', 1.7, '6/11/1999'),
('CVE-2016-4179', 'Yuksek', 10, '28/01/2018'),
('CVE-2016-4180', 'Yuksek', 10, '27/06/1995'),
('CVE-2016-4181', 'Yuksek', 10, '27/07/2018'),
('CVE-2016-4182', 'Yuksek', 10, '13/01/2017'),
('CVE-2016-4183', 'Yuksek', 10, '27/04/2020'),
('CVE-2016-4184', 'Yuksek', 10, '13/09/1991'),
('CVE-2016-4185', 'Yuksek', 10, '27/04/2009'),
('CVE-2016-4186', 'Yuksek', 10, '15/03/2010'),
('CVE-2016-4187', 'Yuksek', 10, '13/03/1997'),
('CVE-2016-4188', 'Yuksek', 10, '5/09/2012'),
('CVE-2016-4189', 'Yuksek', 10, '24/12/1995'),
('CVE-2016-4190', 'Yuksek', 10, '3/11/1993'),
('CVE-2016-4191', 'Yuksek', 10, '9/04/1991'),
('CVE-2016-4192', 'Yuksek', 10, '4/05/1998'),
('CVE-2016-4193', 'Yuksek', 10, '10/01/1994'),
('CVE-2016-4194', 'Yuksek', 10, '11/03/2019'),
('CVE-2016-4195', 'Orta', 4.4, '22/04/1998'),
('CVE-2016-4196', 'Orta', 4.4, '30/08/2002'),
('CVE-2016-4197', 'Orta', 4.4, '12/07/1999'),
('CVE-2016-4198', 'Orta', 4.4, '28/05/2004'),
('CVE-2016-4199', 'Orta', 4.4, '4/11/1993'),
('CVE-2016-4200', 'Orta', 4.4, '29/06/1994'),
('CVE-2016-4201', 'Yuksek', 10, '18/02/1991'),
('CVE-2016-4202', 'Orta', 4.4, '25/08/1993'),
('CVE-2016-4203', 'Yuksek', 10, '23/01/2018'),
('CVE-2016-4204', 'Yuksek', 10, '10/02/2011'),
('CVE-2016-4205', 'Yuksek', 10, '26/12/1992'),
('CVE-2016-4206', 'Yuksek', 10, '18/03/2019'),
('CVE-2016-4207', 'Yuksek', 10, '20/04/2019'),
('CVE-2016-4208', 'Yuksek', 10, '30/01/2002'),
('CVE-2016-4209', 'Yuksek', 10, '16/10/1998'),
('CVE-2016-4210', 'Yuksek', 10, '8/04/2000'),
('CVE-2016-4211', 'Yuksek', 10, '14/01/2005'),
('CVE-2016-4212', 'Yuksek', 10, '6/10/1994'),
('CVE-2016-4213', 'Yuksek', 10, '5/01/2004'),
('CVE-2016-4214', 'Yuksek', 10, '16/02/2020'),
('CVE-2016-4215', 'Yuksek', 10, '29/02/2008'),
('CVE-2016-4217', 'Yuksek', 10, '23/04/1992'),
('CVE-2016-4218', 'Yuksek', 10, '26/04/1994'),
('CVE-2016-4219', 'Yuksek', 10, '28/02/2019'),
('CVE-2016-4220', 'Yuksek', 10, '13/06/1996'),
('CVE-2016-4221', 'Yuksek', 10, '5/07/1993'),
('CVE-2016-4222', 'Orta', 4.4, '14/03/2017'),
('CVE-2016-4223', 'Orta', 4.4, '7/10/2008'),
('CVE-2016-4224', 'Orta', 4.4, '26/12/2008'),
('CVE-2016-4225', 'Orta', 4.4, '25/10/1992'),
('CVE-2016-4226', 'Yuksek', 10, '4/10/2017'),
('CVE-2016-4227', 'Yuksek', 10, '15/01/2012'),
('CVE-2016-4228', 'Yuksek', 10, '14/08/2012'),
('CVE-2016-4229', 'Yuksek', 10, '14/03/2020'),
('CVE-2016-4230', 'Yuksek', 10, '3/09/2001'),
('CVE-2016-4231', 'Yuksek', 10, '30/10/2015'),
('CVE-2016-4232', 'Dusuk', 1.7, '10/09/2002'),
('CVE-2016-4233', 'Yuksek', 10, '21/05/1999'),
('CVE-2016-4234', 'Yuksek', 10, '1/04/1995'),
('CVE-2016-4235', 'Yuksek', 10, '14/12/1995'),
('CVE-2016-4236', 'Yuksek', 10, '28/08/2009'),
('CVE-2016-4237', 'Yuksek', 10, '20/03/2004'),
('CVE-2016-4238', 'Yuksek', 10, '13/03/2018'),
('CVE-2016-4239', 'Yuksek', 10, '3/11/2020'),
('CVE-2016-4240', 'Yuksek', 10, '19/03/2010'),
('CVE-2016-4241', 'Yuksek', 10, '31/01/1990'),
('CVE-2016-4242', 'Yuksek', 10, '9/03/1995'),
('CVE-2016-4243', 'Yuksek', 10, '22/07/2006'),
('CVE-2016-4244', 'Yuksek', 10, '11/11/1992'),
('CVE-2016-4245', 'Yuksek', 10, '5/01/2003'),
('CVE-2016-4246', 'Yuksek', 10, '11/06/2016'),
('CVE-2016-4247', 'Dusuk', 1.5, '2/04/2012'),
('CVE-2016-4248', 'Yuksek', 10, '25/05/2018'),
('CVE-2016-4249', 'Yuksek', 10, '9/10/2011'),
('CVE-2016-4250', 'Yuksek', 10, '4/05/2002'),
('CVE-2016-4251', 'Yuksek', 10, '17/11/2008'),
('CVE-2016-4252', 'Yuksek', 10, '20/07/2000'),
('CVE-2016-4254', 'Yuksek', 10, '25/10/1993'),
('CVE-2016-4255', 'Orta', 4.4, '26/07/2014'),
('CVE-2016-4265', 'Yuksek', 10, '28/03/2015'),
('CVE-2016-4266', 'Yuksek', 10, '8/05/2008'),
('CVE-2016-4267', 'Yuksek', 10, '29/01/1993'),
('CVE-2016-4268', 'Yuksek', 10, '22/11/1991'),
('CVE-2016-4269', 'Yuksek', 10, '5/06/2011'),
('CVE-2016-4270', 'Yuksek', 10, '29/09/2009'),
('CVE-2016-4271', 'Dusuk', 1.7, '25/07/2002'),
('CVE-2016-4272', 'Yuksek', 10, '20/08/2007'),
('CVE-2016-4273', 'Yuksek', 10, '17/11/2017'),
('CVE-2016-4274', 'Yuksek', 10, '24/08/1992'),
('CVE-2016-4275', 'Yuksek', 10, '29/11/1995'),
('CVE-2016-4276', 'Yuksek', 10, '29/11/1993'),
('CVE-2016-4277', 'Dusuk', 1.7, '11/02/2012'),
('CVE-2016-4278', 'Dusuk', 1.7, '2/04/2014'),
('CVE-2016-4279', 'Yuksek', 10, '1/11/2003'),
('CVE-2016-4280', 'Yuksek', 10, '10/03/1998'),
('CVE-2016-4281', 'Yuksek', 10, '10/03/2019'),
('CVE-2016-4282', 'Yuksek', 10, '19/06/2015'),
('CVE-2016-4283', 'Yuksek', 10, '23/04/1992'),
('CVE-2016-4284', 'Yuksek', 10, '29/03/2007'),
('CVE-2016-4285', 'Yuksek', 10, '3/08/1995'),
('CVE-2016-4286', 'Yuksek', 8.8, '21/09/1997'),
('CVE-2016-4287', 'Yuksek', 10, '30/08/1996'),
('CVE-2016-4323', 'Dusuk', 2.9, '17/08/1998'),
('CVE-2016-4324', 'Orta', 4.4, '8/10/1996'),
('CVE-2016-5251', 'Dusuk', 1.5, '16/07/2007'),
('CVE-2016-5252', 'Orta', 4.4, '15/05/1995'),
('CVE-2016-5254', 'Orta', 5, '30/01/2020'),
('CVE-2016-5255', 'Orta', 4.4, '3/08/2009'),
('CVE-2016-5256', 'Orta', 5, '5/07/2003'),
('CVE-2016-5257', 'Orta', 5, '27/06/2015'),
('CVE-2016-5258', 'Orta', 4.4, '16/04/2003'),
('CVE-2016-5259', 'Orta', 4.4, '23/10/2010'),
('CVE-2016-5260', 'Dusuk', 1.5, '13/08/2020'),
('CVE-2016-5262', 'Dusuk', 1.5, '2/12/2014'),
('CVE-2016-5264', 'Orta', 4.4, '21/07/1991'),
('CVE-2016-5265', 'Dusuk', 2.3, '10/02/2004'),
('CVE-2016-5266', 'Dusuk', 2.9, '18/09/2019'),
('CVE-2016-5268', 'Dusuk', 1.5, '18/04/2005'),
('CVE-2016-5270', 'Orta', 5, '18/01/2019'),
('CVE-2016-5271', 'Dusuk', 1.5, '27/12/2015'),
('CVE-2016-5272', 'Orta', 4.4, '2/12/2008'),
('CVE-2016-5273', 'Orta', 4.4, '7/04/2007'),
('CVE-2016-5274', 'Orta', 5, '19/02/2012'),
('CVE-2016-5275', 'Orta', 4.4, '27/03/2007'),
('CVE-2016-5276', 'Orta', 5, '31/08/2010'),
('CVE-2016-5277', 'Orta', 5, '11/09/2015'),
('CVE-2016-5278', 'Orta', 4.4, '16/07/2018'),
('CVE-2016-5279', 'Dusuk', 1.5, '30/07/2007'),
('CVE-2016-5280', 'Orta', 5, '11/08/2013'),
('CVE-2016-5281', 'Orta', 5, '2/11/2003'),
('CVE-2016-5282', 'Dusuk', 1.5, '22/04/2006'),
('CVE-2016-5283', 'Orta', 4.4, '20/04/2020'),
('CVE-2016-5284', 'Dusuk', 1.5, '4/02/2016'),
('CVE-2016-5287', 'Orta', 5, '21/10/2012'),
('CVE-2016-5288', 'Dusuk', 1.5, '12/10/2012'),
('CVE-2016-5289', 'Orta', 5, '8/10/2001'),
('CVE-2016-5290', 'Orta', 5, '7/07/2010'),
('CVE-2016-5291', 'Dusuk', 1.8, '1/12/2019'),
('CVE-2016-5292', 'Dusuk', 1.5, '30/08/2002'),
('CVE-2016-5296', 'Dusuk', 1.7, '12/07/2019'),
('CVE-2016-5297', 'Orta', 5, '1/04/2001'),
('CVE-2016-5384', 'Dusuk', 2.7, '4/04/2002'),
('CVE-2016-5412', 'Dusuk', 1, '1/07/1997'),
('CVE-2016-5420', 'Dusuk', 1.7, '29/06/2006'),
('CVE-2016-5436', 'Dusuk', 0.9, '9/03/1990'),
('CVE-2016-5437', 'Dusuk', 0.9, '30/05/2017'),
('CVE-2016-5439', 'Dusuk', 0.9, '13/03/2018'),
('CVE-2016-5440', 'Dusuk', 0.9, '4/10/1996'),
('CVE-2016-5441', 'Dusuk', 0.9, '4/10/1999'),
('CVE-2016-5442', 'Dusuk', 0.9, '22/03/1992'),
('CVE-2016-5443', 'Dusuk', 0.7, '11/08/1999'),
('CVE-2016-5584', 'Dusuk', 0.6, '16/06/1990'),
('CVE-2016-5636', 'Yuksek', 10, '31/10/2008'),
('CVE-2016-5699', 'Dusuk', 1.5, '14/10/2006'),
('CVE-2016-6515', 'Dusuk', 3.3, '21/04/2012'),
('CVE-2016-6662', 'Yuksek', 9.2, '13/01/2000'),
('CVE-2016-6803', 'Yuksek', 8.8, '4/04/1990'),
('CVE-2016-6855', 'Dusuk', 1.7, '29/12/2015'),
('CVE-2016-6906', 'Dusuk', 1.5, '24/01/2019'),
('CVE-2016-6912', 'Orta', 5, '22/07/1992'),
('CVE-2016-6921', 'Yuksek', 10, '5/02/2017'),
('CVE-2016-6922', 'Yuksek', 10, '3/03/2003'),
('CVE-2016-6923', 'Yuksek', 10, '8/03/1999'),
('CVE-2016-6924', 'Yuksek', 10, '30/11/1992'),
('CVE-2016-6925', 'Yuksek', 10, '30/05/2016'),
('CVE-2016-6926', 'Yuksek', 10, '22/08/2010'),
('CVE-2016-6927', 'Yuksek', 10, '29/08/2015'),
('CVE-2016-6929', 'Yuksek', 10, '22/10/1992'),
('CVE-2016-6930', 'Yuksek', 10, '27/04/2017'),
('CVE-2016-6931', 'Yuksek', 10, '5/03/2008'),
('CVE-2016-6932', 'Yuksek', 10, '4/09/2007'),
('CVE-2016-6935', 'Orta', 5.5, '28/07/1999'),
('CVE-2016-6937', 'Yuksek', 10, '29/11/2010'),
('CVE-2016-6938', 'Yuksek', 10, '22/08/2011'),
('CVE-2016-6939', 'Yuksek', 10, '14/11/1996'),
('CVE-2016-6940', 'Yuksek', 10, '15/11/1994'),
('CVE-2016-6941', 'Yuksek', 10, '29/10/2020'),
('CVE-2016-6942', 'Yuksek', 10, '22/10/2015'),
('CVE-2016-6943', 'Yuksek', 10, '16/07/2000'),
('CVE-2016-6944', 'Yuksek', 10, '21/11/2016'),
('CVE-2016-6945', 'Yuksek', 10, '18/03/1994'),
('CVE-2016-6946', 'Yuksek', 10, '14/10/2017'),
('CVE-2016-6947', 'Yuksek', 10, '23/12/2008'),
('CVE-2016-6948', 'Yuksek', 10, '29/03/2010'),
('CVE-2016-6949', 'Yuksek', 10, '2/11/2002'),
('CVE-2016-6950', 'Yuksek', 10, '18/04/1991'),
('CVE-2016-6951', 'Yuksek', 10, '29/11/2000'),
('CVE-2016-6952', 'Yuksek', 10, '31/05/2003'),
('CVE-2016-6953', 'Yuksek', 10, '14/01/1992'),
('CVE-2016-6954', 'Yuksek', 10, '3/01/2019'),
('CVE-2016-6955', 'Yuksek', 10, '13/03/2003'),
('CVE-2016-6956', 'Yuksek', 10, '14/06/2007'),
('CVE-2016-6957', 'Yuksek', 10, '26/05/2000'),
('CVE-2016-6958', 'Yuksek', 10, '21/01/1996'),
('CVE-2016-6959', 'Yuksek', 10, '23/09/1993'),
('CVE-2016-6960', 'Yuksek', 10, '26/12/2019'),
('CVE-2016-6961', 'Yuksek', 10, '29/03/2015'),
('CVE-2016-6962', 'Yuksek', 10, '21/01/2005'),
('CVE-2016-6963', 'Yuksek', 10, '8/02/2012'),
('CVE-2016-6964', 'Yuksek', 10, '26/02/1990'),
('CVE-2016-6965', 'Yuksek', 10, '25/03/2020'),
('CVE-2016-6966', 'Yuksek', 10, '20/10/2006'),
('CVE-2016-6967', 'Yuksek', 10, '20/11/2008'),
('CVE-2016-6968', 'Yuksek', 10, '9/02/2019'),
('CVE-2016-6969', 'Yuksek', 10, '7/07/2000'),
('CVE-2016-6970', 'Yuksek', 10, '1/03/1994'),
('CVE-2016-6971', 'Yuksek', 10, '29/07/2011'),
('CVE-2016-6972', 'Yuksek', 10, '5/11/2013'),
('CVE-2016-6973', 'Yuksek', 10, '10/06/2018'),
('CVE-2016-6974', 'Yuksek', 10, '18/01/2000'),
('CVE-2016-6975', 'Yuksek', 10, '21/06/2004'),
('CVE-2016-6976', 'Yuksek', 10, '28/01/2003'),
('CVE-2016-6977', 'Yuksek', 10, '31/05/1994'),
('CVE-2016-6978', 'Yuksek', 10, '24/05/1993'),
('CVE-2016-6979', 'Yuksek', 10, '24/04/2003'),
('CVE-2016-6981', 'Yuksek', 10, '31/12/1999'),
('CVE-2016-6982', 'Yuksek', 10, '29/09/1991'),
('CVE-2016-6983', 'Yuksek', 10, '18/02/2002'),
('CVE-2016-6984', 'Yuksek', 10, '26/09/2008'),
('CVE-2016-6985', 'Yuksek', 10, '6/12/1993'),
('CVE-2016-6986', 'Yuksek', 10, '12/01/2006'),
('CVE-2016-6987', 'Yuksek', 10, '23/10/2001'),
('CVE-2016-6988', 'Yuksek', 10, '4/11/1994'),
('CVE-2016-6989', 'Yuksek', 10, '6/12/2008'),
('CVE-2016-6990', 'Yuksek', 10, '29/08/2019'),
('CVE-2016-6992', 'Yuksek', 10, '21/10/2020'),
('CVE-2016-6993', 'Yuksek', 10, '8/03/2017'),
('CVE-2016-6994', 'Yuksek', 10, '11/04/2001'),
('CVE-2016-6995', 'Yuksek', 10, '9/11/2004'),
('CVE-2016-6996', 'Yuksek', 10, '27/05/2004'),
('CVE-2016-6997', 'Yuksek', 10, '26/04/2018'),
('CVE-2016-6998', 'Yuksek', 10, '16/01/2005'),
('CVE-2016-6999', 'Yuksek', 10, '18/12/1994'),
('CVE-2016-7852', 'Yuksek', 10, '9/10/2015'),
('CVE-2016-7853', 'Yuksek', 10, '11/01/2002'),
('CVE-2016-7854', 'Yuksek', 10, '6/03/2006'),
('CVE-2016-7855', 'Yuksek', 8.8, '3/01/1993'),
('CVE-2016-7857', 'Yuksek', 8.8, '6/06/2008'),
('CVE-2016-7858', 'Yuksek', 8.8, '19/10/1998'),
('CVE-2016-7859', 'Yuksek', 8.8, '30/01/2017'),
('CVE-2016-7860', 'Yuksek', 8.8, '9/02/2016'),
('CVE-2016-7861', 'Yuksek', 8.8, '19/08/2019'),
('CVE-2016-7862', 'Yuksek', 8.8, '11/05/2016'),
('CVE-2016-7863', 'Yuksek', 8.8, '29/01/2010'),
('CVE-2016-7864', 'Yuksek', 8.8, '4/09/1997'),
('CVE-2016-7865', 'Yuksek', 8.8, '21/02/1998'),
('CVE-2016-7867', 'Yuksek', 10, '2/04/2016'),
('CVE-2016-7868', 'Yuksek', 10, '2/07/2000'),
('CVE-2016-7869', 'Yuksek', 10, '27/12/2010'),
('CVE-2016-7870', 'Yuksek', 10, '20/03/2001'),
('CVE-2016-7871', 'Yuksek', 10, '29/01/2020'),
('CVE-2016-7872', 'Yuksek', 10, '23/07/2014'),
('CVE-2016-7873', 'Yuksek', 10, '30/04/2016');
INSERT INTO `zafiyet` (`cve_kodu`, `cvss_ciddiyet`, `cvss_skor`, `yayinlanma`) VALUES
('CVE-2016-7874', 'Yuksek', 10, '6/04/2002'),
('CVE-2016-7875', 'Yuksek', 10, '3/11/2019'),
('CVE-2016-7876', 'Yuksek', 10, '25/06/2010'),
('CVE-2016-7877', 'Yuksek', 10, '30/09/2015'),
('CVE-2016-7878', 'Yuksek', 10, '22/09/2017'),
('CVE-2016-7879', 'Yuksek', 10, '19/05/2020'),
('CVE-2016-7880', 'Yuksek', 10, '25/02/2000'),
('CVE-2016-7881', 'Yuksek', 10, '13/12/1991'),
('CVE-2016-7890', 'Orta', 5, '28/06/2015'),
('CVE-2016-7892', 'Yuksek', 10, '13/09/1998'),
('CVE-2016-7910', 'Yuksek', 8.8, '11/09/2013'),
('CVE-2016-7911', 'Yuksek', 8.8, '19/06/2017'),
('CVE-2016-7916', 'Dusuk', 1.6, '25/07/1996'),
('CVE-2016-7922', 'Orta', 5, '15/06/2012'),
('CVE-2016-7923', 'Orta', 5, '11/08/1990'),
('CVE-2016-7924', 'Orta', 5, '12/07/2009'),
('CVE-2016-7925', 'Orta', 5, '15/10/2018'),
('CVE-2016-7926', 'Orta', 5, '5/11/2016'),
('CVE-2016-7927', 'Orta', 5, '28/09/2012'),
('CVE-2016-7928', 'Orta', 5, '27/04/2006'),
('CVE-2016-7929', 'Orta', 5, '13/05/2004'),
('CVE-2016-7930', 'Orta', 5, '3/07/2006'),
('CVE-2016-7931', 'Orta', 5, '12/07/2015'),
('CVE-2016-7932', 'Orta', 5, '25/02/1993'),
('CVE-2016-7933', 'Orta', 5, '15/06/2007'),
('CVE-2016-7934', 'Orta', 5, '7/01/2011'),
('CVE-2016-7935', 'Orta', 5, '12/05/1997'),
('CVE-2016-7936', 'Orta', 5, '11/07/1997'),
('CVE-2016-7937', 'Orta', 5, '2/10/2001'),
('CVE-2016-7938', 'Orta', 5, '23/11/2005'),
('CVE-2016-7939', 'Orta', 5, '11/12/2019'),
('CVE-2016-7940', 'Orta', 5, '21/12/2004'),
('CVE-2016-7942', 'Orta', 5, '22/12/2018'),
('CVE-2016-7943', 'Orta', 5, '6/05/1998'),
('CVE-2016-7973', 'Orta', 5, '30/04/2000'),
('CVE-2016-7974', 'Orta', 5, '27/09/2017'),
('CVE-2016-7975', 'Orta', 5, '9/06/2020'),
('CVE-2016-7976', 'Orta', 4.5, '18/08/2018'),
('CVE-2016-7977', 'Dusuk', 1.5, '21/05/2004'),
('CVE-2016-7978', 'Orta', 5, '21/11/2008'),
('CVE-2016-7979', 'Orta', 5, '12/05/2004'),
('CVE-2016-7983', 'Orta', 5, '24/10/2013'),
('CVE-2016-7984', 'Orta', 5, '28/10/2006'),
('CVE-2016-7985', 'Orta', 5, '21/04/2000'),
('CVE-2016-7986', 'Orta', 5, '5/04/2007'),
('CVE-2016-7992', 'Orta', 5, '11/02/2017'),
('CVE-2016-7993', 'Orta', 5, '7/10/1999'),
('CVE-2016-9063', 'Orta', 5, '11/10/2004'),
('CVE-2016-9064', 'Dusuk', 1.5, '20/09/1997'),
('CVE-2016-9066', 'Dusuk', 1.7, '14/11/2012'),
('CVE-2016-9067', 'Dusuk', 1.7, '21/04/2018'),
('CVE-2016-9068', 'Dusuk', 1.7, '9/03/2007'),
('CVE-2016-9069', 'Orta', 4.4, '13/04/1993'),
('CVE-2016-9070', 'Orta', 4.4, '30/04/2014'),
('CVE-2016-9071', 'Dusuk', 1.7, '26/04/2004'),
('CVE-2016-9073', 'Dusuk', 1.7, '17/12/2009'),
('CVE-2016-9075', 'Orta', 5, '21/03/2015'),
('CVE-2016-9076', 'Dusuk', 1.5, '21/07/2016'),
('CVE-2016-9077', 'Orta', 4.4, '26/09/2004'),
('CVE-2016-9078', 'Orta', 4.4, '15/05/2015'),
('CVE-2016-9079', 'Dusuk', 1.7, '10/12/1992'),
('CVE-2016-9080', 'Orta', 5, '16/08/2019'),
('CVE-2016-9189', 'Dusuk', 1.5, '24/08/1996'),
('CVE-2016-9190', 'Orta', 4.4, '22/09/2015'),
('CVE-2017-0001', 'Orta', 5.5, '9/05/2017'),
('CVE-2017-0004', 'Dusuk', 3.3, '15/11/1994'),
('CVE-2017-0005', 'Orta', 4.9, '1/04/2006'),
('CVE-2017-0006', 'Yuksek', 8.8, '3/04/2016'),
('CVE-2017-0007', 'Dusuk', 0.9, '15/01/2006'),
('CVE-2017-0008', 'Dusuk', 1.5, '15/03/2011'),
('CVE-2017-0009', 'Dusuk', 1.5, '22/11/2003'),
('CVE-2017-0012', 'Dusuk', 1.5, '6/06/2005'),
('CVE-2017-0014', 'Orta', 6.9, '16/10/1998'),
('CVE-2017-0016', 'Dusuk', 2.9, '28/05/1992'),
('CVE-2017-0018', 'Orta', 6.9, '3/05/2011'),
('CVE-2017-0019', 'Yuksek', 8.8, '13/06/2011'),
('CVE-2017-0020', 'Yuksek', 8.8, '19/05/2014'),
('CVE-2017-0022', 'Dusuk', 1.5, '13/07/1999'),
('CVE-2017-0023', 'Orta', 6.9, '14/10/1994'),
('CVE-2017-0024', 'Orta', 5.5, '1/01/2002'),
('CVE-2017-0025', 'Orta', 5.5, '12/01/2012'),
('CVE-2017-0026', 'Orta', 5.5, '8/12/2016'),
('CVE-2017-0027', 'Dusuk', 1.2, '25/12/2018'),
('CVE-2017-0029', 'Dusuk', 1.5, '15/02/2016'),
('CVE-2017-0030', 'Yuksek', 8.8, '27/06/1996'),
('CVE-2017-0031', 'Yuksek', 8.8, '14/11/2017'),
('CVE-2017-0033', 'Dusuk', 1.5, '5/07/2020'),
('CVE-2017-0037', 'Yuksek', 7.5, '13/05/2010'),
('CVE-2017-0038', 'Dusuk', 1.5, '6/04/2013'),
('CVE-2017-0039', 'Yuksek', 8.8, '27/12/1999'),
('CVE-2017-0040', 'Orta', 6.9, '15/12/1995'),
('CVE-2017-0042', 'Dusuk', 1.2, '10/08/2000'),
('CVE-2017-0045', 'Dusuk', 1.5, '25/06/2003'),
('CVE-2017-0047', 'Orta', 5.5, '20/11/1998'),
('CVE-2017-0049', 'Dusuk', 1.5, '10/12/1993'),
('CVE-2017-0050', 'Orta', 5.5, '12/03/2004'),
('CVE-2017-0052', 'Yuksek', 8.8, '3/11/2019'),
('CVE-2017-0053', 'Yuksek', 8.8, '25/07/2017'),
('CVE-2017-0055', 'Dusuk', 1.5, '26/12/2010'),
('CVE-2017-0056', 'Orta', 5.5, '28/06/2003'),
('CVE-2017-0057', 'Dusuk', 1.5, '9/05/1997'),
('CVE-2017-0058', 'Dusuk', 0.9, '23/06/2007'),
('CVE-2017-0059', 'Dusuk', 1.5, '7/10/2010'),
('CVE-2017-0060', 'Dusuk', 0.9, '3/01/2008'),
('CVE-2017-0061', 'Dusuk', 1.2, '20/03/2012'),
('CVE-2017-0062', 'Dusuk', 0.9, '5/12/2012'),
('CVE-2017-0063', 'Dusuk', 1.5, '18/05/1992'),
('CVE-2017-0064', 'Dusuk', 1.5, '10/10/2003'),
('CVE-2017-0072', 'Yuksek', 9, '11/06/2020'),
('CVE-2017-0073', 'Dusuk', 1.5, '6/03/2018'),
('CVE-2017-0074', 'Dusuk', 0.6, '7/03/2009'),
('CVE-2017-0075', 'Dusuk', 3.6, '19/08/2007'),
('CVE-2017-0076', 'Dusuk', 1.1, '31/08/2008'),
('CVE-2017-0077', 'Orta', 5.5, '16/03/1999'),
('CVE-2017-0078', 'Orta', 5.5, '28/09/2002'),
('CVE-2017-0079', 'Orta', 5.5, '19/01/2014'),
('CVE-2017-0080', 'Orta', 5.5, '5/07/2013'),
('CVE-2017-0081', 'Orta', 5.5, '19/11/2004'),
('CVE-2017-0082', 'Orta', 5.5, '12/12/2007'),
('CVE-2017-0083', 'Yuksek', 9, '8/05/1990'),
('CVE-2017-0084', 'Yuksek', 9, '7/09/1992'),
('CVE-2017-0085', 'Dusuk', 1.5, '13/05/2012'),
('CVE-2017-0086', 'Yuksek', 9, '23/11/2007'),
('CVE-2017-0087', 'Yuksek', 9, '21/03/2000'),
('CVE-2017-0088', 'Yuksek', 9, '2/07/1991'),
('CVE-2017-0089', 'Yuksek', 9, '6/08/2011'),
('CVE-2017-0090', 'Yuksek', 9, '18/09/2017'),
('CVE-2017-0091', 'Dusuk', 1.5, '13/07/2001'),
('CVE-2017-0092', 'Dusuk', 1.5, '11/04/2010'),
('CVE-2017-0096', 'Dusuk', 0.6, '22/02/2016'),
('CVE-2017-0097', 'Dusuk', 0.6, '29/12/1990'),
('CVE-2017-0099', 'Dusuk', 0.6, '9/04/1997'),
('CVE-2017-0100', 'Dusuk', 2.7, '14/07/1990'),
('CVE-2017-0101', 'Orta', 4.5, '12/01/2012'),
('CVE-2017-0102', 'Dusuk', 2.7, '19/05/2020'),
('CVE-2017-0103', 'Dusuk', 2.7, '2/05/2006'),
('CVE-2017-0104', 'Yuksek', 8.8, '12/02/2015'),
('CVE-2017-0105', 'Dusuk', 1.5, '13/12/1990'),
('CVE-2017-0106', 'Yuksek', 8.8, '21/11/2016'),
('CVE-2017-0108', 'Yuksek', 9, '24/07/2000'),
('CVE-2017-0109', 'Dusuk', 3.6, '9/02/2000'),
('CVE-2017-0111', 'Dusuk', 1.5, '16/02/2008'),
('CVE-2017-0112', 'Dusuk', 1.5, '20/01/2021'),
('CVE-2017-0113', 'Dusuk', 1.5, '28/06/2014'),
('CVE-2017-0114', 'Dusuk', 1.5, '12/01/1995'),
('CVE-2017-0115', 'Dusuk', 1.5, '1/02/1995'),
('CVE-2017-0116', 'Dusuk', 1.5, '7/01/2003'),
('CVE-2017-0117', 'Dusuk', 1.5, '10/08/2010'),
('CVE-2017-0118', 'Dusuk', 1.5, '10/04/1990'),
('CVE-2017-0119', 'Dusuk', 1.5, '11/05/2011'),
('CVE-2017-0120', 'Dusuk', 1.5, '5/02/2005'),
('CVE-2017-0121', 'Dusuk', 1.5, '11/06/2006'),
('CVE-2017-0122', 'Dusuk', 1.5, '3/05/1998'),
('CVE-2017-0123', 'Dusuk', 1.5, '24/09/2004'),
('CVE-2017-0124', 'Dusuk', 1.5, '20/03/2011'),
('CVE-2017-0125', 'Dusuk', 1.5, '6/11/1991'),
('CVE-2017-0126', 'Dusuk', 1.5, '10/04/1993'),
('CVE-2017-0127', 'Dusuk', 1.5, '11/03/2000'),
('CVE-2017-0128', 'Dusuk', 1.5, '29/10/1990'),
('CVE-2017-0130', 'Orta', 6.9, '2/12/2002'),
('CVE-2017-0143', 'Yuksek', 9, '27/04/2005'),
('CVE-2017-0144', 'Yuksek', 9, '25/11/2006'),
('CVE-2017-0145', 'Yuksek', 9, '3/08/1992'),
('CVE-2017-0146', 'Yuksek', 9, '22/11/1991'),
('CVE-2017-0147', 'Dusuk', 1.5, '19/03/1996'),
('CVE-2017-0148', 'Yuksek', 9, '27/08/2010'),
('CVE-2017-0149', 'Orta', 6.9, '13/03/2000'),
('CVE-2017-0154', 'Dusuk', 2.9, '31/01/2006'),
('CVE-2017-0155', 'Orta', 4.9, '31/07/2005'),
('CVE-2017-0156', 'Orta', 4.9, '8/12/2020'),
('CVE-2017-0158', 'Orta', 6.9, '8/03/2005'),
('CVE-2017-0159', 'Dusuk', 1.5, '14/04/2014'),
('CVE-2017-0160', 'Orta', 6, '11/12/2008'),
('CVE-2017-0161', 'Orta', 4.4, '4/07/2019'),
('CVE-2017-0162', 'Dusuk', 3.6, '3/12/2015'),
('CVE-2017-0163', 'Dusuk', 3.6, '27/10/2017'),
('CVE-2017-0165', 'Orta', 6, '22/11/1991'),
('CVE-2017-0166', 'Yuksek', 8.8, '4/03/2013'),
('CVE-2017-0167', 'Dusuk', 1, '19/11/1991'),
('CVE-2017-0168', 'Dusuk', 1.6, '22/11/2005'),
('CVE-2017-0169', 'Dusuk', 1.2, '18/08/1997'),
('CVE-2017-0170', 'Dusuk', 1.5, '3/05/1990'),
('CVE-2017-0171', 'Dusuk', 1.5, '5/05/1994'),
('CVE-2017-0174', 'Dusuk', 2.5, '31/07/1997'),
('CVE-2017-0175', 'Dusuk', 1, '7/02/2018'),
('CVE-2017-0176', 'Yuksek', 8.8, '15/04/1998'),
('CVE-2017-0178', 'Dusuk', 1.2, '28/06/2018'),
('CVE-2017-0179', 'Dusuk', 1.6, '3/02/1998'),
('CVE-2017-0180', 'Dusuk', 3.6, '2/06/2014'),
('CVE-2017-0182', 'Dusuk', 1.6, '20/03/2015'),
('CVE-2017-0183', 'Dusuk', 1.6, '15/06/1994'),
('CVE-2017-0184', 'Dusuk', 1.2, '24/10/2014'),
('CVE-2017-0185', 'Dusuk', 1.6, '21/08/1998'),
('CVE-2017-0186', 'Dusuk', 1.6, '4/07/1997'),
('CVE-2017-0188', 'Dusuk', 0.9, '10/12/2000'),
('CVE-2017-0190', 'Dusuk', 0.9, '10/05/1991'),
('CVE-2017-0191', 'Dusuk', 0.8, '24/02/1997'),
('CVE-2017-0192', 'Dusuk', 1.5, '3/05/2008'),
('CVE-2017-0193', 'Dusuk', 2.7, '29/06/2011'),
('CVE-2017-0199', 'Yuksek', 9, '29/07/1992'),
('CVE-2017-1000365', 'Orta', 5.5, '23/06/2014'),
('CVE-2017-1000368', 'Orta', 5.5, '19/02/2007'),
('CVE-2017-1000370', 'Orta', 6, '16/12/2002'),
('CVE-2017-1000371', 'Orta', 6, '30/09/2018'),
('CVE-2017-1000380', 'Dusuk', 0.9, '29/11/2012'),
('CVE-2017-1000475', 'Dusuk', 2.7, '28/03/2015'),
('CVE-2017-1000476', 'Dusuk', 2.9, '30/12/2020'),
('CVE-2017-10661', 'Yuksek', 7.5, '17/02/1996'),
('CVE-2017-11901', 'Orta', 6.9, '29/08/2000'),
('CVE-2017-11903', 'Yuksek', 7.5, '27/08/2011'),
('CVE-2017-11905', 'Orta', 6.9, '4/04/2007'),
('CVE-2017-11906', 'Dusuk', 1.2, '16/01/2005'),
('CVE-2017-11907', 'Yuksek', 7.5, '11/06/1992'),
('CVE-2017-11909', 'Yuksek', 7.5, '29/04/2013'),
('CVE-2017-11910', 'Orta', 6.9, '10/08/1994'),
('CVE-2017-11911', 'Yuksek', 7.5, '19/11/1995'),
('CVE-2017-11912', 'Orta', 6.9, '3/03/2003'),
('CVE-2017-11913', 'Orta', 6.9, '2/07/2010'),
('CVE-2017-11914', 'Yuksek', 7.5, '20/06/2020'),
('CVE-2017-11918', 'Yuksek', 7.5, '18/12/2016'),
('CVE-2017-11930', 'Orta', 6.9, '10/04/2000'),
('CVE-2017-11934', 'Dusuk', 1.5, '30/04/1999'),
('CVE-2017-11937', 'Yuksek', 8.8, '6/08/2002'),
('CVE-2017-11940', 'Yuksek', 8.8, '2/09/2003'),
('CVE-2017-12134', 'Orta', 5.5, '25/04/1990'),
('CVE-2017-12140', 'Dusuk', 2.9, '9/01/2016'),
('CVE-2017-12146', 'Orta', 4.9, '24/03/2012'),
('CVE-2017-12153', 'Dusuk', 1.8, '13/05/2009'),
('CVE-2017-12154', 'Dusuk', 1.8, '5/10/1999'),
('CVE-2017-12190', 'Dusuk', 1.8, '30/09/2009'),
('CVE-2017-12192', 'Dusuk', 1.8, '24/01/1994'),
('CVE-2017-12193', 'Dusuk', 1.8, '17/04/2003'),
('CVE-2017-13220', 'Dusuk', 2.7, '5/02/2006'),
('CVE-2017-13305', 'Dusuk', 1.8, '12/08/1997'),
('CVE-2017-14106', 'Dusuk', 1.8, '20/07/1999'),
('CVE-2017-14132', 'Dusuk', 1.5, '13/09/2011'),
('CVE-2017-14140', 'Dusuk', 0.9, '6/08/2003'),
('CVE-2017-14156', 'Dusuk', 0.9, '21/07/2017'),
('CVE-2017-14160', 'Orta', 4.4, '16/05/2019'),
('CVE-2017-14166', 'Dusuk', 1.5, '20/08/2014'),
('CVE-2017-14169', 'Orta', 4.4, '5/07/2010'),
('CVE-2017-14170', 'Dusuk', 2.9, '3/02/1990'),
('CVE-2017-14171', 'Dusuk', 2.9, '25/10/2012'),
('CVE-2017-14172', 'Dusuk', 2.9, '5/11/2015'),
('CVE-2017-14173', 'Dusuk', 1.5, '2/10/1999'),
('CVE-2017-14174', 'Dusuk', 2.9, '30/09/2012'),
('CVE-2017-14175', 'Dusuk', 2.9, '8/06/1990'),
('CVE-2017-14177', 'Orta', 5.5, '31/08/2006'),
('CVE-2017-14180', 'Orta', 5.5, '21/01/2008'),
('CVE-2017-14223', 'Dusuk', 2.9, '12/11/2014'),
('CVE-2017-14224', 'Orta', 4.4, '3/06/2017'),
('CVE-2017-14246', 'Dusuk', 2.9, '16/05/1990'),
('CVE-2017-14249', 'Dusuk', 1.5, '19/09/1994'),
('CVE-2017-14501', 'Dusuk', 1.5, '9/03/1995'),
('CVE-2017-14502', 'Dusuk', 1.7, '16/06/1993'),
('CVE-2017-14503', 'Dusuk', 1.5, '10/07/1993'),
('CVE-2017-14505', 'Dusuk', 1.5, '13/02/1996'),
('CVE-2017-14531', 'Dusuk', 2.9, '24/01/2006'),
('CVE-2017-14532', 'Orta', 5, '7/10/2018'),
('CVE-2017-14533', 'Dusuk', 1.5, '23/07/2001'),
('CVE-2017-14539', 'Dusuk', 2.7, '3/04/2007'),
('CVE-2017-14540', 'Dusuk', 2.7, '10/09/2014'),
('CVE-2017-14607', 'Dusuk', 2.9, '4/03/2016'),
('CVE-2017-14624', 'Orta', 5, '12/06/1992'),
('CVE-2017-14625', 'Orta', 5, '11/12/2005'),
('CVE-2017-14626', 'Orta', 5, '27/06/1999'),
('CVE-2017-14632', 'Orta', 5, '29/02/1996'),
('CVE-2017-14633', 'Dusuk', 1.5, '2/04/2016'),
('CVE-2017-14634', 'Dusuk', 1.5, '21/04/2010'),
('CVE-2017-14682', 'Orta', 4.4, '1/10/2001'),
('CVE-2017-14684', 'Dusuk', 2.9, '21/02/1991'),
('CVE-2017-14693', 'Dusuk', 2.7, '13/06/1992'),
('CVE-2017-14739', 'Dusuk', 1.7, '20/05/2003'),
('CVE-2017-14741', 'Dusuk', 1.5, '3/04/2018'),
('CVE-2017-14767', 'Orta', 4.4, '7/08/1991'),
('CVE-2017-14859', 'Dusuk', 1.5, '7/05/2003'),
('CVE-2017-14862', 'Dusuk', 1.5, '24/05/2009'),
('CVE-2017-14864', 'Dusuk', 1.5, '25/06/2000'),
('CVE-2017-15400', 'Yuksek', 8.8, '21/04/2020'),
('CVE-2017-15412', 'Orta', 4.4, '3/04/1998'),
('CVE-2017-15422', 'Dusuk', 1.5, '6/09/2016'),
('CVE-2017-15565', 'Orta', 4.4, '7/12/2013'),
('CVE-2017-15588', 'Orta', 4.9, '12/02/2012'),
('CVE-2017-15590', 'Dusuk', 2.7, '10/09/2009'),
('CVE-2017-15592', 'Orta', 5.5, '28/09/2013'),
('CVE-2017-15593', 'Dusuk', 1.8, '10/03/2020'),
('CVE-2017-15594', 'Dusuk', 2.7, '1/08/1996'),
('CVE-2017-15595', 'Orta', 5.5, '23/06/2020'),
('CVE-2017-15868', 'Orta', 5.5, '23/01/2019'),
('CVE-2017-15873', 'Dusuk', 1.5, '6/07/2006'),
('CVE-2017-15906', 'Dusuk', 1.7, '25/06/1996'),
('CVE-2017-15908', 'Dusuk', 1.7, '26/10/1990'),
('CVE-2017-15951', 'Orta', 5.5, '4/12/2011'),
('CVE-2017-17044', 'Dusuk', 1.8, '7/10/2005'),
('CVE-2017-17045', 'Orta', 5.5, '14/04/2008'),
('CVE-2017-17046', 'Dusuk', 0.9, '23/10/2006'),
('CVE-2017-17087', 'Dusuk', 0.9, '27/04/1994'),
('CVE-2017-17095', 'Orta', 4.5, '20/03/2011'),
('CVE-2017-17127', 'Dusuk', 1.5, '15/12/1994'),
('CVE-2017-17130', 'Orta', 4.4, '20/10/1996'),
('CVE-2017-18174', 'Orta', 5, '25/06/1994'),
('CVE-2017-18183', 'Dusuk', 1.5, '10/05/2012'),
('CVE-2017-18184', 'Dusuk', 1.5, '26/02/2000'),
('CVE-2017-18185', 'Dusuk', 1.5, '12/11/2008'),
('CVE-2017-18186', 'Dusuk', 1.5, '30/07/2012'),
('CVE-2017-18190', 'Dusuk', 1.7, '4/10/2012'),
('CVE-2017-18193', 'Dusuk', 1.8, '7/10/1996'),
('CVE-2017-18203', 'Dusuk', 0.8, '15/07/1992'),
('CVE-2017-18204', 'Dusuk', 0.9, '13/02/2013'),
('CVE-2017-18208', 'Dusuk', 1.8, '27/09/2018'),
('CVE-2017-18209', 'Orta', 4.4, '14/12/2002'),
('CVE-2017-18211', 'Orta', 5, '2/07/2009'),
('CVE-2017-18216', 'Dusuk', 0.9, '9/08/2001'),
('CVE-2017-18218', 'Orta', 5.5, '26/06/1997'),
('CVE-2017-18222', 'Dusuk', 2.7, '28/07/2017'),
('CVE-2017-18224', 'Dusuk', 0.8, '8/11/2000'),
('CVE-2017-18232', 'Dusuk', 0.9, '18/06/2008'),
('CVE-2017-18233', 'Dusuk', 1.5, '8/04/2017'),
('CVE-2017-18234', 'Orta', 4.4, '23/06/2017'),
('CVE-2017-18236', 'Dusuk', 1.5, '22/09/2004'),
('CVE-2017-18238', 'Dusuk', 1.5, '17/04/2018'),
('CVE-2017-18241', 'Dusuk', 1.8, '6/09/2002'),
('CVE-2017-18245', 'Dusuk', 1.5, '18/03/1994'),
('CVE-2017-18248', 'Dusuk', 0.8, '20/09/2009'),
('CVE-2017-18249', 'Dusuk', 2.4, '29/04/1994'),
('CVE-2017-18251', 'Dusuk', 1.5, '27/10/2004'),
('CVE-2017-18252', 'Dusuk', 1.5, '19/09/2014'),
('CVE-2017-18254', 'Dusuk', 1.5, '25/06/1994'),
('CVE-2017-18255', 'Dusuk', 2.7, '27/07/2006'),
('CVE-2017-18257', 'Dusuk', 1.8, '24/08/2010'),
('CVE-2017-18258', 'Dusuk', 1.5, '6/09/1999'),
('CVE-2017-18266', 'Orta', 4.4, '17/03/2020'),
('CVE-2017-18267', 'Dusuk', 1.5, '4/09/2020'),
('CVE-2017-18271', 'Dusuk', 2.9, '15/11/2000'),
('CVE-2017-18273', 'Dusuk', 2.9, '2/03/2001'),
('CVE-2017-2518', 'Orta', 5, '15/06/2013'),
('CVE-2017-2519', 'Orta', 5, '20/04/2019'),
('CVE-2017-2520', 'Orta', 5, '26/11/1992'),
('CVE-2017-2625', 'Dusuk', 1, '5/08/1995'),
('CVE-2017-2626', 'Dusuk', 1, '22/08/2020'),
('CVE-2017-2636', 'Orta', 5.5, '18/08/2001'),
('CVE-2017-2640', 'Orta', 5, '16/05/1993'),
('CVE-2017-3751', 'Orta', 5.5, '16/10/2005'),
('CVE-2017-3756', 'Orta', 5.5, '29/10/2002'),
('CVE-2017-3757', 'Orta', 5.5, '31/10/1992'),
('CVE-2017-6005', 'Orta', 4.9, '15/10/1998'),
('CVE-2017-6074', 'Orta', 6, '27/12/2018'),
('CVE-2017-6312', 'Dusuk', 1.5, '1/10/1991'),
('CVE-2017-6313', 'Dusuk', 2.9, '10/04/2007'),
('CVE-2017-6314', 'Dusuk', 1.5, '13/08/1997'),
('CVE-2017-7207', 'Dusuk', 1.5, '2/09/2001'),
('CVE-2017-7308', 'Orta', 6, '25/03/2015'),
('CVE-2017-7346', 'Dusuk', 1.8, '17/07/2001'),
('CVE-2017-7482', 'Orta', 5.5, '13/06/1990'),
('CVE-2017-7518', 'Dusuk', 2.7, '19/10/2002'),
('CVE-2017-7526', 'Dusuk', 1.5, '26/01/2012'),
('CVE-2017-7533', 'Orta', 5.4, '27/10/2012'),
('CVE-2017-7541', 'Orta', 5.5, '14/10/2009'),
('CVE-2017-7542', 'Dusuk', 1.8, '22/06/1992'),
('CVE-2017-7558', 'Dusuk', 1.7, '11/05/1991'),
('CVE-2017-7607', 'Dusuk', 1.5, '15/08/1992'),
('CVE-2017-7608', 'Dusuk', 1.5, '5/09/2005'),
('CVE-2017-7609', 'Dusuk', 1.5, '17/12/1991'),
('CVE-2017-7610', 'Dusuk', 1.5, '16/02/2000'),
('CVE-2017-7611', 'Dusuk', 1.5, '25/07/2020'),
('CVE-2017-7612', 'Dusuk', 1.5, '13/10/1995'),
('CVE-2017-7613', 'Dusuk', 1.5, '29/05/2015'),
('CVE-2017-8361', 'Orta', 4.4, '28/04/1996'),
('CVE-2017-8362', 'Dusuk', 1.5, '28/03/2010'),
('CVE-2017-8363', 'Dusuk', 1.5, '7/08/1996'),
('CVE-2017-8365', 'Dusuk', 1.5, '28/11/2017'),
('CVE-2017-8502', 'Yuksek', 8.8, '26/06/2006'),
('CVE-2017-8509', 'Yuksek', 8.8, '12/03/2001'),
('CVE-2017-8511', 'Yuksek', 8.8, '28/07/2018'),
('CVE-2017-8512', 'Yuksek', 8.8, '15/11/2018'),
('CVE-2017-8522', 'Orta', 6.9, '16/10/1992'),
('CVE-2017-8528', 'Yuksek', 8.8, '29/02/2000'),
('CVE-2017-8529', 'Dusuk', 1.5, '4/10/2003'),
('CVE-2017-8531', 'Dusuk', 1.5, '18/04/2017'),
('CVE-2017-8532', 'Dusuk', 1.5, '27/03/1991'),
('CVE-2017-8534', 'Dusuk', 1.5, '6/11/2010'),
('CVE-2017-8535', 'Dusuk', 1.5, '14/02/2017'),
('CVE-2017-8538', 'Yuksek', 9, '14/05/2001'),
('CVE-2017-8539', 'Dusuk', 1.5, '14/07/1998'),
('CVE-2017-8552', 'Orta', 5.5, '25/03/1994'),
('CVE-2017-8553', 'Dusuk', 0.8, '12/07/2015'),
('CVE-2017-8554', 'Dusuk', 0.8, '20/05/2005'),
('CVE-2017-8556', 'Orta', 4.9, '3/06/2017'),
('CVE-2017-8557', 'Dusuk', 0.9, '6/01/1992'),
('CVE-2017-8563', 'Dusuk', 3.5, '23/01/2014'),
('CVE-2017-8564', 'Dusuk', 1, '22/12/2015'),
('CVE-2017-8565', 'Yuksek', 8.8, '22/09/1995'),
('CVE-2017-8570', 'Yuksek', 9, '15/01/2010'),
('CVE-2017-8571', 'Orta', 4.4, '16/02/2015'),
('CVE-2017-8572', 'Dusuk', 1.5, '14/05/2019'),
('CVE-2017-8573', 'Orta', 4.9, '18/05/2018'),
('CVE-2017-8577', 'Orta', 4.9, '26/07/1994'),
('CVE-2017-8578', 'Yuksek', 8.8, '26/01/2002'),
('CVE-2017-8580', 'Dusuk', 4, '8/09/2005'),
('CVE-2017-8581', 'Dusuk', 2, '5/12/2015'),
('CVE-2017-8582', 'Dusuk', 1.5, '17/09/1992'),
('CVE-2017-8587', 'Dusuk', 1.5, '16/03/1990'),
('CVE-2017-8588', 'Orta', 6.9, '5/04/1990'),
('CVE-2017-8589', 'Yuksek', 10, '4/06/2007'),
('CVE-2017-8590', 'Dusuk', 2.7, '5/10/2017'),
('CVE-2017-8591', 'Orta', 5.5, '21/08/1997'),
('CVE-2017-8592', 'Dusuk', 1.5, '11/04/1994'),
('CVE-2017-8593', 'Orta', 4.9, '29/06/2001'),
('CVE-2017-8594', 'Yuksek', 7.5, '30/04/1994'),
('CVE-2017-8602', 'Dusuk', 1.5, '8/11/2014'),
('CVE-2017-8606', 'Orta', 6.9, '16/05/2010'),
('CVE-2017-8607', 'Orta', 6.9, '21/02/2017'),
('CVE-2017-8608', 'Orta', 6.9, '24/02/1990'),
('CVE-2017-8618', 'Orta', 6.9, '5/04/1991'),
('CVE-2017-8620', 'Yuksek', 8.8, '27/12/1993'),
('CVE-2017-8624', 'Orta', 5.5, '1/10/2001'),
('CVE-2017-8628', 'Dusuk', 2.2, '11/12/2002'),
('CVE-2017-8631', 'Yuksek', 8.8, '18/10/2011'),
('CVE-2017-8632', 'Yuksek', 8.8, '29/08/1999'),
('CVE-2017-8633', 'Orta', 4.7, '19/04/2017'),
('CVE-2017-8635', 'Yuksek', 7.5, '27/04/2006'),
('CVE-2017-8636', 'Yuksek', 7.5, '2/02/1993'),
('CVE-2017-8641', 'Yuksek', 7.5, '10/02/2012'),
('CVE-2017-8651', 'Orta', 6.9, '25/03/1993'),
('CVE-2017-8653', 'Orta', 6.9, '4/02/2014'),
('CVE-2017-8663', 'Yuksek', 8.8, '1/04/2019'),
('CVE-2017-8664', 'Orta', 5.5, '18/06/1999'),
('CVE-2017-8666', 'Dusuk', 0.9, '13/01/2019'),
('CVE-2017-8668', 'Dusuk', 0.9, '29/06/1992'),
('CVE-2017-8669', 'Orta', 6.9, '7/12/1996'),
('CVE-2017-8675', 'Orta', 4.9, '2/04/1995'),
('CVE-2017-8676', 'Dusuk', 0.9, '12/06/2000'),
('CVE-2017-8677', 'Dusuk', 0.9, '8/11/2016'),
('CVE-2017-8678', 'Dusuk', 1, '23/10/2012'),
('CVE-2017-8679', 'Dusuk', 0.9, '10/10/2009'),
('CVE-2017-8680', 'Dusuk', 1, '5/12/1995'),
('CVE-2017-8681', 'Dusuk', 1, '16/03/1998'),
('CVE-2017-8682', 'Yuksek', 9, '2/07/2008'),
('CVE-2017-8683', 'Dusuk', 1, '16/01/1997'),
('CVE-2017-8684', 'Dusuk', 1, '28/06/2013'),
('CVE-2017-8685', 'Dusuk', 1, '14/04/2004'),
('CVE-2017-8686', 'Orta', 5, '3/02/1995'),
('CVE-2017-8687', 'Dusuk', 1, '26/07/2000'),
('CVE-2017-8688', 'Dusuk', 0.9, '24/09/2016'),
('CVE-2017-8689', 'Orta', 4.9, '2/01/1997'),
('CVE-2017-8691', 'Yuksek', 8.8, '3/02/2000'),
('CVE-2017-8692', 'Yuksek', 8.8, '6/04/1993'),
('CVE-2017-8694', 'Orta', 4.9, '5/03/2001'),
('CVE-2017-8695', 'Dusuk', 1.2, '20/02/2005'),
('CVE-2017-8696', 'Orta', 6.9, '14/11/2005'),
('CVE-2017-8699', 'Orta', 6.9, '27/08/1993'),
('CVE-2017-8707', 'Dusuk', 0.8, '2/11/2019'),
('CVE-2017-8708', 'Dusuk', 0.9, '15/06/2000'),
('CVE-2017-8709', 'Dusuk', 0.8, '12/06/2008'),
('CVE-2017-8710', 'Dusuk', 1.5, '29/12/2014'),
('CVE-2017-8713', 'Dusuk', 0.8, '27/07/2020'),
('CVE-2017-8714', 'Orta', 4.9, '8/11/2010'),
('CVE-2017-8717', 'Yuksek', 8.8, '15/03/2006'),
('CVE-2017-8718', 'Yuksek', 8.8, '2/04/2006'),
('CVE-2017-8719', 'Dusuk', 0.8, '3/09/2004'),
('CVE-2017-8720', 'Orta', 5.5, '21/02/2018'),
('CVE-2017-8727', 'Orta', 6.9, '9/03/2014'),
('CVE-2017-8728', 'Orta', 6.9, '11/02/2010'),
('CVE-2017-8733', 'Dusuk', 1.5, '21/06/2004'),
('CVE-2017-8736', 'Dusuk', 1.5, '25/06/2016'),
('CVE-2017-8737', 'Orta', 6.9, '13/03/1997'),
('CVE-2017-8741', 'Orta', 6.9, '24/03/2006'),
('CVE-2017-8742', 'Yuksek', 8.8, '23/02/2005'),
('CVE-2017-8747', 'Orta', 6.9, '25/06/1998'),
('CVE-2017-8748', 'Orta', 6.9, '15/07/1996'),
('CVE-2017-8749', 'Orta', 6.9, '20/02/2006'),
('CVE-2017-8750', 'Orta', 6.9, '18/10/1995'),
('CVE-2017-8816', 'Orta', 5, '9/04/2012'),
('CVE-2017-8817', 'Orta', 5, '17/10/2017'),
('CVE-2017-8824', 'Orta', 6, '11/01/1995'),
('CVE-2017-9865', 'Dusuk', 1.5, '26/04/1998'),
('CVE-2017-9984', 'Orta', 5.5, '7/12/2014'),
('CVE-2017-9985', 'Orta', 5.5, '12/10/2010'),
('CVE-2017-9987', 'Dusuk', 1.7, '2/11/2014'),
('CVE-2017-9993', 'Dusuk', 1.7, '12/07/1995'),
('CVE-2017-9994', 'Orta', 4.4, '2/11/1992'),
('CVE-2018-0760', 'Dusuk', 0.9, '13/12/2004'),
('CVE-2018-0762', 'Orta', 6.9, '27/01/1993'),
('CVE-2018-0764', 'Dusuk', 1.7, '2/09/2003'),
('CVE-2018-0766', 'Dusuk', 1.5, '19/04/2008'),
('CVE-2018-0769', 'Yuksek', 7.5, '29/05/2013'),
('CVE-2018-0770', 'Yuksek', 7.5, '10/04/2010'),
('CVE-2018-0772', 'Orta', 6.9, '10/10/2001'),
('CVE-2018-0776', 'Yuksek', 7.5, '31/01/2003'),
('CVE-2018-0777', 'Yuksek', 7.5, '12/12/1996'),
('CVE-2018-0780', 'Dusuk', 1.2, '11/12/2005'),
('CVE-2018-0781', 'Orta', 6.9, '1/10/2011'),
('CVE-2018-0786', 'Dusuk', 1.7, '1/08/1992'),
('CVE-2018-0791', 'Yuksek', 8.8, '17/11/1999'),
('CVE-2018-0793', 'Yuksek', 8.8, '5/09/2000'),
('CVE-2018-0794', 'Yuksek', 8.8, '19/09/2015'),
('CVE-2018-0797', 'Yuksek', 8.8, '26/06/1999'),
('CVE-2018-0798', 'Yuksek', 8.8, '12/09/2007'),
('CVE-2018-0801', 'Yuksek', 8.8, '26/07/2020'),
('CVE-2018-0802', 'Yuksek', 9, '16/01/1994'),
('CVE-2018-0803', 'Dusuk', 2.9, '11/12/1999'),
('CVE-2018-0804', 'Yuksek', 8.8, '24/03/2003'),
('CVE-2018-0805', 'Yuksek', 8.8, '17/12/2006'),
('CVE-2018-0806', 'Yuksek', 8.8, '20/09/1997'),
('CVE-2018-0807', 'Yuksek', 8.8, '19/12/2017'),
('CVE-2018-0810', 'Dusuk', 0.8, '16/05/1999'),
('CVE-2018-0811', 'Dusuk', 0.9, '30/10/2020'),
('CVE-2018-0812', 'Yuksek', 8.8, '17/10/1993'),
('CVE-2018-0813', 'Dusuk', 0.9, '18/12/2013'),
('CVE-2018-0814', 'Dusuk', 0.9, '20/11/2017'),
('CVE-2018-0815', 'Orta', 4.9, '4/05/1993'),
('CVE-2018-0816', 'Orta', 4.9, '7/07/1995'),
('CVE-2018-0817', 'Orta', 4.9, '11/03/2009'),
('CVE-2018-0820', 'Dusuk', 2.7, '19/04/2010'),
('CVE-2018-0821', 'Dusuk', 2.7, '24/10/2005'),
('CVE-2018-0822', 'Dusuk', 2.7, '26/09/2003'),
('CVE-2018-0824', 'Dusuk', 3.8, '15/09/2005'),
('CVE-2018-0825', 'Orta', 6.9, '30/11/2000'),
('CVE-2018-0826', 'Dusuk', 2.7, '7/10/2014'),
('CVE-2018-0829', 'Dusuk', 0.8, '19/05/2001'),
('CVE-2018-0830', 'Dusuk', 0.8, '4/01/2007'),
('CVE-2018-0832', 'Dusuk', 0.9, '25/01/2010'),
('CVE-2018-0833', 'Dusuk', 1.7, '19/03/2011'),
('CVE-2018-0834', 'Yuksek', 9, '15/01/2021'),
('CVE-2018-0835', 'Yuksek', 7.5, '13/08/2005'),
('CVE-2018-0837', 'Yuksek', 7.5, '15/05/2017'),
('CVE-2018-0838', 'Yuksek', 7.5, '11/03/2001'),
('CVE-2018-0840', 'Yuksek', 9, '26/03/1992'),
('CVE-2018-0842', 'Orta', 4.9, '15/08/2013'),
('CVE-2018-0844', 'Dusuk', 2.7, '25/08/2009'),
('CVE-2018-0845', 'Yuksek', 8.8, '23/12/2016'),
('CVE-2018-0846', 'Dusuk', 2.7, '17/08/2011'),
('CVE-2018-0847', 'Dusuk', 1.5, '20/07/2009'),
('CVE-2018-0848', 'Yuksek', 8.8, '25/06/2005'),
('CVE-2018-0849', 'Yuksek', 8.8, '11/12/1994'),
('CVE-2018-0850', 'Dusuk', 1.5, '2/10/2007'),
('CVE-2018-0851', 'Yuksek', 8.8, '14/12/1993'),
('CVE-2018-0852', 'Yuksek', 8.8, '13/08/1998'),
('CVE-2018-0853', 'Dusuk', 1.5, '8/03/2011'),
('CVE-2018-0855', 'Dusuk', 1.5, '10/11/2015'),
('CVE-2018-0857', 'Orta', 6.9, '3/11/2011'),
('CVE-2018-0859', 'Orta', 6.9, '4/01/1996'),
('CVE-2018-0860', 'Yuksek', 7.5, '17/01/2000'),
('CVE-2018-0862', 'Yuksek', 8.8, '4/02/2010'),
('CVE-2018-0866', 'Yuksek', 9, '29/01/2003'),
('CVE-2018-0868', 'Orta', 4.9, '7/02/2001'),
('CVE-2018-0870', 'Orta', 6.9, '9/12/1999'),
('CVE-2018-0878', 'Dusuk', 1.2, '14/02/2000'),
('CVE-2018-0881', 'Orta', 4.9, '21/03/2013'),
('CVE-2018-0883', 'Orta', 6.9, '15/05/1990'),
('CVE-2018-0885', 'Dusuk', 1.6, '14/01/1996'),
('CVE-2018-0886', 'Yuksek', 7.5, '24/09/2016'),
('CVE-2018-0887', 'Dusuk', 0.9, '15/10/2015'),
('CVE-2018-0888', 'Dusuk', 1.6, '15/04/2001'),
('CVE-2018-0889', 'Orta', 6.9, '31/12/2017'),
('CVE-2018-0891', 'Dusuk', 1.5, '15/04/2018'),
('CVE-2018-0892', 'Dusuk', 1.5, '16/09/2006'),
('CVE-2018-0894', 'Dusuk', 0.9, '16/04/1996'),
('CVE-2018-0895', 'Dusuk', 0.9, '13/12/2017'),
('CVE-2018-0896', 'Dusuk', 0.8, '19/02/1990'),
('CVE-2018-0897', 'Dusuk', 0.9, '2/06/2014'),
('CVE-2018-0898', 'Dusuk', 0.8, '20/09/2004'),
('CVE-2018-0899', 'Dusuk', 0.8, '31/12/2001'),
('CVE-2018-0900', 'Dusuk', 0.8, '31/10/1996'),
('CVE-2018-0901', 'Dusuk', 0.9, '25/05/2012'),
('CVE-2018-0903', 'Orta', 4.4, '13/06/2014'),
('CVE-2018-0904', 'Dusuk', 0.8, '10/12/1992'),
('CVE-2018-0907', 'Orta', 4.4, '13/07/2020'),
('CVE-2018-0919', 'Dusuk', 1.5, '27/09/2012'),
('CVE-2018-0922', 'Yuksek', 8.8, '12/09/2001'),
('CVE-2018-0927', 'Dusuk', 1.5, '27/09/2015'),
('CVE-2018-0929', 'Dusuk', 1.5, '1/09/2010'),
('CVE-2018-0932', 'Dusuk', 1.5, '21/05/2010'),
('CVE-2018-0935', 'Yuksek', 7.5, '25/06/2002'),
('CVE-2018-0942', 'Dusuk', 0.6, '20/07/2016'),
('CVE-2018-0949', 'Dusuk', 1.5, '28/05/2001'),
('CVE-2018-0950', 'Dusuk', 1.5, '26/11/1994'),
('CVE-2018-0954', 'Orta', 6.9, '18/09/1996'),
('CVE-2018-0955', 'Orta', 6.9, '7/05/2010'),
('CVE-2018-0956', 'Dusuk', 3.3, '11/03/2004'),
('CVE-2018-0957', 'Dusuk', 0.8, '23/04/2003'),
('CVE-2018-0959', 'Dusuk', 3.6, '2/10/2007'),
('CVE-2018-0960', 'Dusuk', 0.9, '1/01/1993'),
('CVE-2018-0966', 'Dusuk', 1, '2/03/2011'),
('CVE-2018-0967', 'Dusuk', 1.6, '6/09/2005'),
('CVE-2018-0968', 'Dusuk', 1, '11/08/2002'),
('CVE-2018-0969', 'Dusuk', 1, '22/11/2001'),
('CVE-2018-0970', 'Dusuk', 1, '28/12/2020'),
('CVE-2018-0971', 'Dusuk', 1, '10/02/1994'),
('CVE-2018-0972', 'Dusuk', 1, '6/06/2009'),
('CVE-2018-0973', 'Dusuk', 1, '20/11/2013'),
('CVE-2018-0974', 'Dusuk', 1, '20/07/1996'),
('CVE-2018-0975', 'Dusuk', 1, '20/04/2019'),
('CVE-2018-0976', 'Dusuk', 0.8, '5/02/2006'),
('CVE-2018-0978', 'Orta', 6.9, '4/06/2004'),
('CVE-2018-0979', 'Orta', 6.9, '29/03/2018'),
('CVE-2018-0980', 'Yuksek', 7.5, '17/05/1999'),
('CVE-2018-0981', 'Dusuk', 1.2, '2/12/1998'),
('CVE-2018-0986', 'Yuksek', 9, '27/01/2016'),
('CVE-2018-0987', 'Dusuk', 1.5, '2/04/2004'),
('CVE-2018-0988', 'Orta', 6.9, '24/02/2009'),
('CVE-2018-0989', 'Dusuk', 1.5, '1/03/2017'),
('CVE-2018-0990', 'Orta', 6.9, '9/04/2013'),
('CVE-2018-0991', 'Orta', 6.9, '16/04/2000'),
('CVE-2018-0993', 'Orta', 6.9, '15/08/1997'),
('CVE-2018-0994', 'Orta', 6.9, '12/03/2010'),
('CVE-2018-0995', 'Orta', 6.9, '15/04/1996'),
('CVE-2018-0996', 'Orta', 6.9, '18/05/2018'),
('CVE-2018-0997', 'Orta', 6.9, '15/03/1995'),
('CVE-2018-1000802', 'Orta', 5, '27/02/1998'),
('CVE-2018-1000877', 'Orta', 4.4, '27/04/2009'),
('CVE-2018-1000878', 'Orta', 4.4, '25/12/2019'),
('CVE-2018-1000880', 'Dusuk', 1.5, '30/01/2020'),
('CVE-2018-11091', 'Orta', 5.3, '14/04/1993'),
('CVE-2018-11102', 'Dusuk', 1.7, '20/03/1997'),
('CVE-2018-12015', 'Dusuk', 3.3, '7/04/1999'),
('CVE-2018-12020', 'Dusuk', 1.7, '31/03/1991'),
('CVE-2018-12085', 'Orta', 4.4, '4/04/1995'),
('CVE-2018-12126', 'Dusuk', 1.6, '23/07/2016'),
('CVE-2018-12127', 'Dusuk', 1.6, '1/12/1991'),
('CVE-2018-12130', 'Dusuk', 1.6, '21/10/2019'),
('CVE-2018-12207', 'Dusuk', 1.8, '28/08/2010'),
('CVE-2018-12233', 'Orta', 4.4, '8/05/2012'),
('CVE-2018-12264', 'Orta', 4.4, '20/02/2008'),
('CVE-2018-12265', 'Orta', 4.4, '21/04/2013'),
('CVE-2018-12293', 'Orta', 4.5, '25/07/2007'),
('CVE-2018-12358', 'Dusuk', 1.5, '4/11/1994'),
('CVE-2018-12359', 'Orta', 4.4, '8/05/2003'),
('CVE-2018-12360', 'Orta', 4.4, '13/08/1995'),
('CVE-2018-12361', 'Orta', 4.4, '3/12/2020'),
('CVE-2018-12362', 'Orta', 4.4, '22/02/2013'),
('CVE-2018-12363', 'Orta', 4.4, '10/08/2020'),
('CVE-2018-12364', 'Orta', 4.4, '8/02/1994'),
('CVE-2018-12365', 'Dusuk', 1.5, '13/10/2007'),
('CVE-2018-12366', 'Dusuk', 1.5, '6/10/1995'),
('CVE-2018-12367', 'Dusuk', 1.5, '10/06/1995'),
('CVE-2018-12369', 'Orta', 5, '3/06/2007'),
('CVE-2018-12370', 'Orta', 4.4, '29/11/2013'),
('CVE-2018-12371', 'Orta', 4.4, '2/04/2017'),
('CVE-2018-12372', 'Dusuk', 1.5, '5/11/2020'),
('CVE-2018-12373', 'Dusuk', 1.5, '4/11/1995'),
('CVE-2018-12374', 'Dusuk', 1.5, '15/02/1997'),
('CVE-2018-12375', 'Orta', 4.4, '9/06/2017'),
('CVE-2018-12376', 'Orta', 5, '15/11/2002'),
('CVE-2018-12377', 'Orta', 5, '23/12/1999'),
('CVE-2018-12378', 'Orta', 5, '9/10/2019'),
('CVE-2018-12383', 'Dusuk', 0.9, '6/05/1993'),
('CVE-2018-12385', 'Dusuk', 2.4, '13/08/2016'),
('CVE-2018-12386', 'Dusuk', 2.9, '28/04/2015'),
('CVE-2018-12387', 'Dusuk', 3.3, '9/09/2001'),
('CVE-2018-12388', 'Orta', 4.4, '2/04/2009'),
('CVE-2018-12389', 'Orta', 4.4, '11/10/2005'),
('CVE-2018-12390', 'Orta', 5, '27/10/2007'),
('CVE-2018-12392', 'Orta', 5, '15/03/2002'),
('CVE-2018-12393', 'Dusuk', 1.7, '12/12/1999'),
('CVE-2018-12395', 'Dusuk', 1.7, '26/09/1995'),
('CVE-2018-12396', 'Dusuk', 1.5, '12/11/1998'),
('CVE-2018-12397', 'Dusuk', 1.8, '24/01/2012'),
('CVE-2018-12398', 'Dusuk', 1.5, '13/09/2020'),
('CVE-2018-12399', 'Dusuk', 1.5, '6/09/1998'),
('CVE-2018-12401', 'Dusuk', 1.7, '18/12/2010'),
('CVE-2018-12402', 'Dusuk', 1.5, '12/06/1991'),
('CVE-2018-12403', 'Dusuk', 1.7, '29/04/2005'),
('CVE-2018-12404', 'Dusuk', 1.5, '24/12/2005'),
('CVE-2018-12405', 'Orta', 5, '25/01/1990'),
('CVE-2018-12406', 'Orta', 4.4, '30/03/2018'),
('CVE-2018-12407', 'Orta', 5, '14/02/1997'),
('CVE-2018-12458', 'Dusuk', 1.5, '6/05/2008'),
('CVE-2018-13139', 'Orta', 4.4, '19/09/2001'),
('CVE-2018-13153', 'Dusuk', 1.5, '17/07/2007'),
('CVE-2018-13300', 'Dusuk', 2.9, '22/12/2015'),
('CVE-2018-13302', 'Orta', 4.4, '3/05/2013'),
('CVE-2018-13405', 'Dusuk', 3, '17/04/1998'),
('CVE-2018-13406', 'Orta', 5.5, '27/06/2011'),
('CVE-2018-13785', 'Dusuk', 1.5, '17/10/2018'),
('CVE-2018-14436', 'Dusuk', 1.5, '14/05/2012'),
('CVE-2018-14551', 'Orta', 5, '5/06/2007'),
('CVE-2018-14567', 'Dusuk', 1.5, '2/05/2015'),
('CVE-2018-14598', 'Dusuk', 1.7, '17/10/2016'),
('CVE-2018-14599', 'Orta', 5, '26/08/2012'),
('CVE-2018-14600', 'Orta', 5, '17/07/1994'),
('CVE-2018-14610', 'Dusuk', 2.9, '7/05/2003'),
('CVE-2018-14611', 'Dusuk', 2.9, '9/12/2012'),
('CVE-2018-14612', 'Dusuk', 2.9, '8/07/2014'),
('CVE-2018-14613', 'Dusuk', 2.9, '10/04/2009'),
('CVE-2018-14614', 'Dusuk', 2.9, '25/01/2004'),
('CVE-2018-14616', 'Dusuk', 2.9, '17/05/2005'),
('CVE-2018-14617', 'Dusuk', 2.9, '31/05/1998'),
('CVE-2018-14618', 'Yuksek', 10, '5/01/2017'),
('CVE-2018-14622', 'Dusuk', 1.7, '25/10/2008'),
('CVE-2018-14629', 'Dusuk', 0.9, '22/05/2000'),
('CVE-2018-14633', 'Orta', 5.9, '5/10/1996'),
('CVE-2018-14646', 'Dusuk', 1.8, '22/06/2016'),
('CVE-2018-14647', 'Dusuk', 1.7, '30/05/2014'),
('CVE-2018-14665', 'Orta', 6, '11/08/2010'),
('CVE-2018-14678', 'Orta', 5.5, '17/06/2020'),
('CVE-2018-14679', 'Dusuk', 1.5, '4/04/2012'),
('CVE-2018-14680', 'Dusuk', 1.5, '23/11/2015'),
('CVE-2018-14681', 'Orta', 4.4, '1/01/2018'),
('CVE-2018-14682', 'Orta', 4.4, '21/02/2013'),
('CVE-2018-14734', 'Dusuk', 3.6, '30/07/2013'),
('CVE-2018-14851', 'Dusuk', 1.5, '7/09/2018'),
('CVE-2018-14883', 'Dusuk', 1.7, '20/02/1998'),
('CVE-2018-15908', 'Orta', 4.4, '5/02/1992'),
('CVE-2018-15909', 'Orta', 4.4, '12/04/2018'),
('CVE-2018-15910', 'Orta', 4.4, '30/12/2004'),
('CVE-2018-15911', 'Orta', 4.4, '24/03/1992'),
('CVE-2018-15967', 'Dusuk', 1.7, '29/11/2007'),
('CVE-2018-15978', 'Dusuk', 1.7, '30/08/2010'),
('CVE-2018-15981', 'Yuksek', 10, '22/05/1995'),
('CVE-2018-15982', 'Yuksek', 10, '23/11/2000'),
('CVE-2018-15983', 'Orta', 4.4, '12/06/1992'),
('CVE-2018-17000', 'Dusuk', 1.5, '8/02/2012'),
('CVE-2018-17100', 'Orta', 4.4, '21/11/1999'),
('CVE-2018-17101', 'Orta', 4.4, '16/03/2012'),
('CVE-2018-17182', 'Orta', 6, '19/07/2012'),
('CVE-2018-17183', 'Orta', 4.4, '15/12/2011'),
('CVE-2018-17189', 'Dusuk', 1.7, '22/01/2017'),
('CVE-2018-17199', 'Dusuk', 1.7, '13/05/1996'),
('CVE-2018-17294', 'Dusuk', 1.5, '23/10/1992'),
('CVE-2018-18281', 'Dusuk', 3, '24/09/1993'),
('CVE-2018-18284', 'Orta', 4.4, '4/07/2015'),
('CVE-2018-18310', 'Dusuk', 1.5, '14/04/2001'),
('CVE-2018-18311', 'Orta', 5, '30/04/2019'),
('CVE-2018-18312', 'Orta', 5, '21/01/2009'),
('CVE-2018-18313', 'Dusuk', 3.3, '4/01/2004'),
('CVE-2018-18314', 'Orta', 5, '6/02/2008'),
('CVE-2018-18356', 'Orta', 4.4, '5/04/2017'),
('CVE-2018-18397', 'Dusuk', 1, '20/12/1991'),
('CVE-2018-18444', 'Orta', 4.4, '3/06/1991'),
('CVE-2018-18445', 'Orta', 5.5, '10/11/2004'),
('CVE-2018-18492', 'Orta', 5, '16/06/2016'),
('CVE-2018-18493', 'Orta', 5, '5/08/2013'),
('CVE-2018-18494', 'Dusuk', 1.5, '23/11/2013'),
('CVE-2018-18495', 'Dusuk', 1.5, '1/05/2003'),
('CVE-2018-18496', 'Orta', 4.4, '10/02/2013'),
('CVE-2018-18497', 'Dusuk', 1.5, '4/06/2013'),
('CVE-2018-18498', 'Orta', 5, '24/03/1993'),
('CVE-2018-18499', 'Dusuk', 1.5, '14/10/1990'),
('CVE-2018-18500', 'Orta', 5, '27/10/2020'),
('CVE-2018-18501', 'Orta', 5, '28/11/2007'),
('CVE-2018-18502', 'Yuksek', 10, '22/02/2001'),
('CVE-2018-18503', 'Orta', 4.4, '3/07/1998'),
('CVE-2018-18504', 'Orta', 5, '24/04/1996'),
('CVE-2018-18505', 'Orta', 5, '20/12/1992'),
('CVE-2018-18506', 'Dusuk', 1.5, '11/03/2003'),
('CVE-2018-18508', 'Dusuk', 1.7, '14/10/1998'),
('CVE-2018-18509', 'Dusuk', 1.7, '6/07/2013'),
('CVE-2018-18511', 'Dusuk', 1.5, '31/01/1993'),
('CVE-2018-18520', 'Dusuk', 1.5, '11/04/2018'),
('CVE-2018-18521', 'Dusuk', 1.5, '22/12/2001'),
('CVE-2018-18544', 'Dusuk', 1.5, '1/07/1991'),
('CVE-2018-18557', 'Orta', 4.5, '15/07/2013'),
('CVE-2018-18559', 'Orta', 4.4, '2/11/2016'),
('CVE-2018-18584', 'Dusuk', 1.5, '4/01/2020'),
('CVE-2018-18585', 'Dusuk', 1.5, '18/11/2007'),
('CVE-2018-19407', 'Dusuk', 1.8, '26/10/1998'),
('CVE-2018-19409', 'Orta', 5, '17/07/1993'),
('CVE-2018-19432', 'Dusuk', 1.5, '23/05/2001'),
('CVE-2018-19475', 'Orta', 4.4, '24/01/2013'),
('CVE-2018-19476', 'Orta', 4.4, '4/09/1997'),
('CVE-2018-19477', 'Orta', 4.4, '21/05/2020'),
('CVE-2018-19478', 'Dusuk', 1.5, '2/11/2019'),
('CVE-2018-19502', 'Orta', 4.4, '1/06/1991'),
('CVE-2018-19503', 'Orta', 4.4, '29/11/2018'),
('CVE-2018-19504', 'Orta', 4.4, '1/01/2018'),
('CVE-2018-19535', 'Dusuk', 1.5, '19/09/2009'),
('CVE-2018-19539', 'Dusuk', 1.5, '25/08/1998'),
('CVE-2018-19540', 'Orta', 4.4, '7/07/1995'),
('CVE-2018-19541', 'Orta', 4.4, '9/12/2008'),
('CVE-2018-19542', 'Dusuk', 1.5, '5/03/2018'),
('CVE-2018-19661', 'Dusuk', 1.5, '25/01/2007'),
('CVE-2018-19662', 'Dusuk', 2.9, '31/07/2010'),
('CVE-2018-19664', 'Dusuk', 1.5, '28/02/1992'),
('CVE-2018-19758', 'Dusuk', 1.5, '6/05/1990'),
('CVE-2018-19788', 'Orta', 5.3, '30/04/1991'),
('CVE-2018-19824', 'Dusuk', 2.7, '11/06/2019'),
('CVE-2018-19840', 'Dusuk', 1.5, '20/02/2009'),
('CVE-2018-19841', 'Dusuk', 1.5, '27/09/1998'),
('CVE-2018-19857', 'Dusuk', 3.3, '27/07/2009'),
('CVE-2018-19869', 'Dusuk', 1.5, '2/04/2010'),
('CVE-2018-19870', 'Orta', 4.4, '8/08/1990'),
('CVE-2018-19871', 'Dusuk', 1.5, '27/01/1997'),
('CVE-2018-19873', 'Orta', 5, '24/08/2019'),
('CVE-2018-1999010', 'Orta', 5, '7/05/2007'),
('CVE-2018-1999011', 'Orta', 4.4, '30/08/1992'),
('CVE-2018-1999012', 'Dusuk', 2.9, '20/11/1990'),
('CVE-2018-1999013', 'Dusuk', 1.5, '2/02/2019'),
('CVE-2018-20406', 'Dusuk', 1.7, '14/01/1998'),
('CVE-2018-20459', 'Dusuk', 1.5, '16/08/2005'),
('CVE-2018-20467', 'Dusuk', 1.5, '29/11/2016'),
('CVE-2018-20481', 'Dusuk', 1.5, '25/12/1993'),
('CVE-2018-20482', 'Dusuk', 0.8, '27/01/2016'),
('CVE-2018-20505', 'Dusuk', 1.7, '30/01/2003'),
('CVE-2018-20506', 'Orta', 4.4, '24/06/2002'),
('CVE-2018-20511', 'Dusuk', 0.9, '17/10/2000'),
('CVE-2018-20544', 'Dusuk', 1.5, '22/01/2016'),
('CVE-2018-20545', 'Orta', 4.4, '29/03/2005'),
('CVE-2018-20546', 'Dusuk', 2.9, '19/10/2013'),
('CVE-2018-20547', 'Dusuk', 2.9, '11/02/2011'),
('CVE-2018-20548', 'Orta', 4.4, '7/11/2015'),
('CVE-2018-20549', 'Orta', 4.4, '16/04/2005'),
('CVE-2018-20551', 'Dusuk', 1.5, '9/11/1998'),
('CVE-2018-20570', 'Dusuk', 1.5, '10/02/1995'),
('CVE-2018-20584', 'Dusuk', 1.5, '28/08/2019'),
('CVE-2018-20622', 'Dusuk', 1.5, '8/08/2015'),
('CVE-2018-20650', 'Dusuk', 1.5, '15/04/2005'),
('CVE-2018-20662', 'Dusuk', 1.5, '27/09/2017'),
('CVE-2018-20679', 'Dusuk', 1.7, '18/05/2011'),
('CVE-2018-20685', 'Dusuk', 1.2, '23/03/2002'),
('CVE-2018-20748', 'Orta', 5, '23/12/2013'),
('CVE-2018-20749', 'Orta', 5, '24/02/1992'),
('CVE-2018-20750', 'Orta', 5, '16/07/1997'),
('CVE-2018-20781', 'Dusuk', 0.9, '8/02/1990'),
('CVE-2018-20784', 'Orta', 5, '23/11/2016'),
('CVE-2018-20836', 'Yuksek', 8.8, '26/06/1995'),
('CVE-2018-20843', 'Dusuk', 3.3, '22/12/2007'),
('CVE-2018-20852', 'Dusuk', 1.7, '15/04/2003'),
('CVE-2018-20856', 'Dusuk', 2.7, '16/12/2001'),
('CVE-2018-3070', 'Dusuk', 0.9, '31/07/2018'),
('CVE-2018-3071', 'Dusuk', 0.9, '29/02/2012'),
('CVE-2018-3077', 'Dusuk', 0.9, '11/12/1995'),
('CVE-2018-3081', 'Dusuk', 1.6, '19/07/2007'),
('CVE-2018-3133', 'Dusuk', 0.9, '9/06/2008'),
('CVE-2018-3136', 'Dusuk', 1.2, '8/10/2015'),
('CVE-2018-3139', 'Dusuk', 1.2, '3/08/2007'),
('CVE-2018-3143', 'Dusuk', 0.9, '6/01/2019'),
('CVE-2018-3144', 'Dusuk', 1.5, '16/06/1996'),
('CVE-2018-3149', 'Dusuk', 3.5, '25/08/2019'),
('CVE-2018-3155', 'Dusuk', 0.9, '13/03/2009'),
('CVE-2018-3156', 'Dusuk', 0.9, '25/03/2009'),
('CVE-2018-3161', 'Dusuk', 0.9, '19/06/2008'),
('CVE-2018-3162', 'Dusuk', 0.9, '11/06/1991'),
('CVE-2018-3169', 'Dusuk', 3.5, '12/03/2017'),
('CVE-2018-3171', 'Dusuk', 1.6, '14/05/2015'),
('CVE-2018-3173', 'Dusuk', 0.9, '22/07/1996'),
('CVE-2018-3174', 'Dusuk', 0.8, '12/02/2012'),
('CVE-2018-3180', 'Orta', 4.4, '28/02/2012'),
('CVE-2018-3183', 'Orta', 4.4, '20/10/1992'),
('CVE-2018-3185', 'Dusuk', 1.8, '19/03/1994'),
('CVE-2018-3187', 'Dusuk', 1.8, '27/11/1995'),
('CVE-2018-3200', 'Dusuk', 0.9, '31/10/2010'),
('CVE-2018-3214', 'Dusuk', 1.7, '19/02/1999'),
('CVE-2018-3247', 'Dusuk', 1.8, '20/11/1990'),
('CVE-2018-3251', 'Dusuk', 0.9, '7/05/2013'),
('CVE-2018-3276', 'Dusuk', 0.9, '20/04/2011'),
('CVE-2018-3277', 'Dusuk', 0.9, '6/05/1994'),
('CVE-2018-3278', 'Dusuk', 0.9, '5/03/1995'),
('CVE-2018-3282', 'Dusuk', 0.9, '27/10/2003'),
('CVE-2018-3283', 'Dusuk', 0.8, '12/07/1996'),
('CVE-2018-3284', 'Dusuk', 0.8, '10/06/2013'),
('CVE-2018-4180', 'Dusuk', 2.7, '14/11/2000'),
('CVE-2018-4181', 'Dusuk', 1.8, '10/10/1999'),
('CVE-2018-4190', 'Dusuk', 1.5, '25/10/2007'),
('CVE-2018-4199', 'Orta', 4.4, '9/02/2007'),
('CVE-2018-4218', 'Orta', 4.5, '3/12/2012'),
('CVE-2018-4222', 'Orta', 4.5, '13/07/2016'),
('CVE-2018-4232', 'Dusuk', 1.5, '19/09/2016'),
('CVE-2018-4233', 'Orta', 4.5, '18/08/2008'),
('CVE-2018-4246', 'Orta', 4.4, '30/05/1998'),
('CVE-2018-4261', 'Orta', 4.4, '17/12/2020'),
('CVE-2018-4262', 'Orta', 4.4, '16/03/2006'),
('CVE-2018-4263', 'Orta', 4.4, '24/09/1999'),
('CVE-2018-4264', 'Orta', 4.4, '3/02/1998'),
('CVE-2018-4265', 'Orta', 4.4, '28/09/2012'),
('CVE-2018-4266', 'Dusuk', 1.5, '22/09/2003'),
('CVE-2018-4267', 'Orta', 4.4, '17/04/2016'),
('CVE-2018-4270', 'Dusuk', 1.5, '9/12/1991'),
('CVE-2018-4272', 'Orta', 4.4, '29/11/1999'),
('CVE-2018-4273', 'Dusuk', 1.5, '28/05/1997'),
('CVE-2018-4278', 'Dusuk', 1.5, '6/12/1993'),
('CVE-2018-5711', 'Dusuk', 1.5, '17/05/1990'),
('CVE-2018-5712', 'Dusuk', 1.5, '25/09/2013'),
('CVE-2018-5729', 'Dusuk', 2.7, '26/09/1996'),
('CVE-2018-5730', 'Dusuk', 1.8, '25/11/2008'),
('CVE-2018-5732', 'Dusuk', 1.7, '30/09/1994'),
('CVE-2018-5733', 'Dusuk', 1.7, '23/12/1996'),
('CVE-2018-5740', 'Dusuk', 1.7, '6/03/2009'),
('CVE-2018-5742', 'Dusuk', 1.5, '22/09/1991'),
('CVE-2018-5743', 'Dusuk', 1.5, '29/05/2015'),
('CVE-2018-5745', 'Dusuk', 0.8, '16/09/1997'),
('CVE-2018-5750', 'Dusuk', 0.9, '21/05/1994'),
('CVE-2018-5764', 'Dusuk', 1.7, '8/06/1994'),
('CVE-2018-5766', 'Orta', 4.4, '27/12/1991'),
('CVE-2018-5784', 'Dusuk', 1.5, '26/08/2012'),
('CVE-2018-5785', 'Dusuk', 1.5, '28/10/2000'),
('CVE-2018-5803', 'Dusuk', 1.8, '11/06/2016'),
('CVE-2018-5807', 'Orta', 4.4, '7/05/2020'),
('CVE-2018-5810', 'Orta', 4.4, '2/02/2013'),
('CVE-2018-5811', 'Dusuk', 1.5, '14/10/2013'),
('CVE-2018-5812', 'Dusuk', 1.5, '2/08/2000'),
('CVE-2018-5813', 'Dusuk', 2.9, '23/09/1993'),
('CVE-2018-5814', 'Orta', 4.9, '26/07/2012'),
('CVE-2018-5815', 'Dusuk', 2.9, '1/02/1998'),
('CVE-2018-5816', 'Dusuk', 2.9, '24/11/1993'),
('CVE-2018-5817', 'Dusuk', 1.7, '9/12/2009'),
('CVE-2018-5818', 'Dusuk', 1.7, '26/07/1995'),
('CVE-2018-5819', 'Dusuk', 3.3, '10/09/2020'),
('CVE-2018-5848', 'Dusuk', 2.7, '29/11/2003'),
('CVE-2018-5953', 'Dusuk', 0.9, '26/06/1990'),
('CVE-2018-5995', 'Dusuk', 0.9, '25/05/2004'),
('CVE-2018-6871', 'Dusuk', 1.7, '18/07/1993'),
('CVE-2018-8034', 'Dusuk', 1.7, '2/12/2010'),
('CVE-2018-8037', 'Dusuk', 1.5, '14/03/2004'),
('CVE-2018-8043', 'Dusuk', 0.9, '1/04/2016'),
('CVE-2018-8087', 'Dusuk', 1.8, '15/02/1999'),
('CVE-2018-8114', 'Orta', 6.9, '29/04/2007'),
('CVE-2018-8116', 'Dusuk', 0.9, '6/07/1999'),
('CVE-2018-8120', 'Orta', 6, '22/04/2001'),
('CVE-2018-8122', 'Orta', 6.9, '26/06/2013'),
('CVE-2018-8124', 'Orta', 4.9, '19/07/2018'),
('CVE-2018-8127', 'Dusuk', 0.9, '19/03/1996'),
('CVE-2018-8134', 'Orta', 5.4, '25/02/2015'),
('CVE-2018-8136', 'Yuksek', 8.8, '21/08/1992'),
('CVE-2018-8145', 'Yuksek', 7.5, '16/04/2018'),
('CVE-2018-8147', 'Yuksek', 8.8, '3/01/2011'),
('CVE-2018-8148', 'Yuksek', 8.8, '31/05/2014'),
('CVE-2018-8157', 'Yuksek', 8.8, '9/12/2016'),
('CVE-2018-8158', 'Yuksek', 8.8, '24/11/1996'),
('CVE-2018-8161', 'Yuksek', 8.8, '4/08/2012'),
('CVE-2018-8162', 'Yuksek', 8.8, '31/10/1994'),
('CVE-2018-8163', 'Dusuk', 1.5, '15/07/2020'),
('CVE-2018-8164', 'Orta', 5.5, '12/12/2016'),
('CVE-2018-8166', 'Orta', 4.9, '27/06/2014'),
('CVE-2018-8167', 'Dusuk', 2.4, '8/06/2000'),
('CVE-2018-8169', 'Orta', 4.9, '16/04/2003'),
('CVE-2018-8173', 'Yuksek', 8.8, '7/01/1990'),
('CVE-2018-8174', 'Yuksek', 7.5, '3/06/2002'),
('CVE-2018-8178', 'Orta', 6.9, '26/01/2014'),
('CVE-2018-8202', 'Orta', 5.5, '21/03/2009'),
('CVE-2018-8205', 'Dusuk', 1.8, '4/10/2011'),
('CVE-2018-8206', 'Dusuk', 3.3, '15/01/2020'),
('CVE-2018-8207', 'Dusuk', 0.8, '9/08/1998'),
('CVE-2018-8210', 'Orta', 5.5, '8/03/2006'),
('CVE-2018-8224', 'Orta', 4.9, '28/09/2017'),
('CVE-2018-8225', 'Yuksek', 8.8, '22/03/1993'),
('CVE-2018-8242', 'Orta', 6.9, '26/07/2007'),
('CVE-2018-8244', 'Dusuk', 1.5, '11/10/2014'),
('CVE-2018-8246', 'Dusuk', 1.5, '5/07/1996'),
('CVE-2018-8248', 'Yuksek', 8.8, '8/01/2021'),
('CVE-2018-8249', 'Orta', 6.9, '26/01/2001'),
('CVE-2018-8251', 'Orta', 6.9, '6/02/2015'),
('CVE-2018-8256', 'Yuksek', 8.8, '15/06/2004'),
('CVE-2018-8267', 'Orta', 6.9, '16/03/2016'),
('CVE-2018-8271', 'Dusuk', 0.9, '20/12/1994'),
('CVE-2018-8282', 'Orta', 5.5, '22/05/1999'),
('CVE-2018-8284', 'Yuksek', 8.8, '6/10/1993'),
('CVE-2018-8287', 'Orta', 6.9, '14/04/1993'),
('CVE-2018-8288', 'Yuksek', 7.5, '7/06/2002'),
('CVE-2018-8291', 'Yuksek', 7.5, '11/07/1991'),
('CVE-2018-8296', 'Orta', 6.9, '29/09/1996'),
('CVE-2018-9234', 'Dusuk', 1.7, '22/09/1996'),
('CVE-2018-9251', 'Dusuk', 1.2, '13/02/2018'),
('CVE-2018-9363', 'Orta', 5.5, '4/12/2008'),
('CVE-2018-9422', 'Orta', 5.5, '6/07/1990'),
('CVE-2018-9516', 'Orta', 5.5, '29/06/2013'),
('CVE-2018-9517', 'Orta', 5.5, '23/01/2015'),
('CVE-2018-9568', 'Orta', 5.5, '3/06/2002'),
('CVE-2019-0211', 'Orta', 6, '23/04/1997'),
('CVE-2019-0215', 'Dusuk', 2.4, '26/08/2012'),
('CVE-2019-0217', 'Dusuk', 2.4, '8/01/2014'),
('CVE-2019-0220', 'Dusuk', 1.7, '13/02/1992'),
('CVE-2019-0536', 'Dusuk', 0.9, '25/07/2014'),
('CVE-2019-0538', 'Yuksek', 8.8, '20/09/2007'),
('CVE-2019-0540', 'Dusuk', 1.5, '23/10/2004'),
('CVE-2019-0541', 'Yuksek', 9, '5/07/2014'),
('CVE-2019-0543', 'Dusuk', 3, '9/08/2003'),
('CVE-2019-0545', 'Dusuk', 1.7, '27/08/2008'),
('CVE-2019-0549', 'Dusuk', 0.9, '14/10/2001'),
('CVE-2019-0552', 'Dusuk', 3, '2/04/1991'),
('CVE-2019-0554', 'Dusuk', 0.9, '21/06/2010'),
('CVE-2019-0555', 'Dusuk', 2.7, '6/03/2016'),
('CVE-2019-0559', 'Dusuk', 1.5, '10/07/2011'),
('CVE-2019-0560', 'Dusuk', 1.5, '13/04/2009'),
('CVE-2019-0561', 'Dusuk', 1.5, '13/09/2006'),
('CVE-2019-0569', 'Dusuk', 0.9, '30/06/1997'),
('CVE-2019-0570', 'Dusuk', 3, '28/12/2008'),
('CVE-2019-0575', 'Yuksek', 8.8, '11/06/2013'),
('CVE-2019-0576', 'Yuksek', 8.8, '10/03/2016'),
('CVE-2019-0577', 'Yuksek', 8.8, '28/02/2007'),
('CVE-2019-0578', 'Yuksek', 8.8, '11/03/2008'),
('CVE-2019-0579', 'Yuksek', 8.8, '9/06/2002'),
('CVE-2019-0580', 'Yuksek', 8.8, '15/10/1995'),
('CVE-2019-0581', 'Yuksek', 8.8, '17/08/2020'),
('CVE-2019-0582', 'Yuksek', 8.8, '17/01/2000'),
('CVE-2019-0583', 'Yuksek', 8.8, '20/12/2002'),
('CVE-2019-0584', 'Yuksek', 8.8, '26/09/2009'),
('CVE-2019-0585', 'Yuksek', 8.8, '1/10/1992'),
('CVE-2019-0595', 'Yuksek', 8.8, '18/01/2013'),
('CVE-2019-0596', 'Yuksek', 8.8, '26/10/2011'),
('CVE-2019-0597', 'Yuksek', 8.8, '25/01/1995'),
('CVE-2019-0598', 'Yuksek', 8.8, '27/10/2011'),
('CVE-2019-0599', 'Yuksek', 8.8, '28/03/1991'),
('CVE-2019-10018', 'Dusuk', 1.5, '12/03/2013'),
('CVE-2019-10019', 'Dusuk', 1.5, '25/05/1993'),
('CVE-2019-10021', 'Dusuk', 1.5, '23/09/2001'),
('CVE-2019-10023', 'Dusuk', 1.5, '17/12/1993'),
('CVE-2019-10081', 'Dusuk', 1.7, '17/04/1993'),
('CVE-2019-10082', 'Dusuk', 3.3, '3/07/2017'),
('CVE-2019-10092', 'Dusuk', 1.5, '13/08/2019'),
('CVE-2019-10097', 'Dusuk', 2.4, '21/12/2006'),
('CVE-2019-10098', 'Dusuk', 3, '2/09/1995'),
('CVE-2019-1010006', 'Orta', 4.4, '18/10/2020'),
('CVE-2019-1010305', 'Dusuk', 1.5, '7/05/1996'),
('CVE-2019-10126', 'Orta', 5, '12/08/2010'),
('CVE-2019-10130', 'Dusuk', 0.9, '28/05/2010'),
('CVE-2019-10131', 'Dusuk', 1.8, '16/06/1990'),
('CVE-2019-10142', 'Dusuk', 2.7, '1/08/2010'),
('CVE-2019-10149', 'Orta', 5, '16/05/1999'),
('CVE-2019-10160', 'Dusuk', 1.7, '20/09/1990'),
('CVE-2019-10161', 'Orta', 5.5, '21/04/2008'),
('CVE-2019-10167', 'Dusuk', 2.7, '31/05/2005'),
('CVE-2019-10207', 'Dusuk', 0.9, '10/01/2019'),
('CVE-2019-10208', 'Dusuk', 2.7, '8/10/2005'),
('CVE-2019-10216', 'Orta', 4.4, '4/09/1990'),
('CVE-2019-10218', 'Dusuk', 1.5, '29/03/1998'),
('CVE-2019-1126', 'Dusuk', 1.7, '29/09/1991'),
('CVE-2019-1129', 'Orta', 5.5, '3/12/1998'),
('CVE-2019-1130', 'Orta', 5.5, '5/03/2020'),
('CVE-2019-11324', 'Dusuk', 1.7, '29/06/2016'),
('CVE-2019-11338', 'Orta', 4.4, '8/03/2015'),
('CVE-2019-11358', 'Dusuk', 1.5, '24/02/2016'),
('CVE-2019-1142', 'Dusuk', 0.9, '22/08/1991'),
('CVE-2019-1144', 'Yuksek', 9, '21/10/1994'),
('CVE-2019-1145', 'Yuksek', 9, '22/04/2005'),
('CVE-2019-11459', 'Dusuk', 1.5, '16/12/2008'),
('CVE-2019-1146', 'Yuksek', 8.8, '8/05/1997'),
('CVE-2019-11470', 'Dusuk', 2.9, '7/11/2019'),
('CVE-2019-11472', 'Dusuk', 1.5, '30/11/2007'),
('CVE-2019-11476', 'Dusuk', 2.7, '18/03/2009'),
('CVE-2019-11477', 'Dusuk', 3.3, '14/09/2013'),
('CVE-2019-11478', 'Dusuk', 1.7, '16/02/2013'),
('CVE-2019-11479', 'Dusuk', 1.7, '14/04/1993'),
('CVE-2019-11481', 'Dusuk', 3.6, '29/11/2014'),
('CVE-2019-11482', 'Dusuk', 0.8, '31/12/1995'),
('CVE-2019-11483', 'Dusuk', 0.9, '25/05/2008'),
('CVE-2019-11484', 'Dusuk', 2.7, '19/04/1997'),
('CVE-2019-11485', 'Dusuk', 0.9, '5/02/1992'),
('CVE-2019-11486', 'Orta', 4.9, '4/03/2018'),
('CVE-2019-11487', 'Orta', 5.5, '13/10/1996'),
('CVE-2019-1149', 'Yuksek', 9, '23/09/1994'),
('CVE-2019-1152', 'Yuksek', 9, '30/06/2009'),
('CVE-2019-1153', 'Dusuk', 1, '29/02/2000'),
('CVE-2019-1155', 'Yuksek', 8.8, '15/08/2003'),
('CVE-2019-11555', 'Dusuk', 1.5, '29/02/2016'),
('CVE-2019-1157', 'Yuksek', 8.8, '30/11/2011'),
('CVE-2019-1159', 'Orta', 5.5, '14/07/1993'),
('CVE-2019-11597', 'Dusuk', 2.9, '27/06/2013'),
('CVE-2019-11598', 'Dusuk', 2.9, '16/12/1990'),
('CVE-2019-11599', 'Orta', 5.4, '4/01/2014'),
('CVE-2019-1164', 'Orta', 5.5, '7/03/2011'),
('CVE-2019-1166', 'Dusuk', 1.5, '29/11/2013'),
('CVE-2019-1168', 'Orta', 5.5, '5/03/2013'),
('CVE-2019-1169', 'Orta', 5.5, '26/07/1990'),
('CVE-2019-11691', 'Orta', 5, '29/03/2008'),
('CVE-2019-11692', 'Orta', 5, '31/01/1998'),
('CVE-2019-11693', 'Orta', 5, '18/06/2019'),
('CVE-2019-11694', 'Dusuk', 1.7, '9/03/2011'),
('CVE-2019-11695', 'Dusuk', 1.5, '13/01/2012'),
('CVE-2019-11696', 'Orta', 4.4, '31/07/2002'),
('CVE-2019-11697', 'Dusuk', 1.5, '28/10/1998'),
('CVE-2019-11698', 'Dusuk', 1.7, '22/07/2003'),
('CVE-2019-11699', 'Dusuk', 1.5, '11/01/1997'),
('CVE-2019-1172', 'Dusuk', 1.5, '1/04/1992'),
('CVE-2019-11810', 'Dusuk', 3.3, '8/12/1991'),
('CVE-2019-11811', 'Orta', 4.9, '24/07/2006'),
('CVE-2019-11815', 'Yuksek', 8.8, '3/01/2000'),
('CVE-2019-1183', 'Yuksek', 8.8, '15/02/2019'),
('CVE-2019-11833', 'Dusuk', 0.9, '31/10/2004'),
('CVE-2019-1187', 'Dusuk', 1.7, '26/10/1998'),
('CVE-2019-11884', 'Dusuk', 0.9, '13/10/2005'),
('CVE-2019-1193', 'Orta', 6.9, '28/12/1991'),
('CVE-2019-1200', 'Yuksek', 8.8, '8/01/1997'),
('CVE-2019-1201', 'Yuksek', 8.8, '18/08/2005'),
('CVE-2019-1204', 'Dusuk', 1.5, '10/11/2012'),
('CVE-2019-1206', 'Dusuk', 1.7, '22/12/2015'),
('CVE-2019-1208', 'Orta', 6.9, '23/03/1995'),
('CVE-2019-1212', 'Dusuk', 3.3, '10/06/2017'),
('CVE-2019-1214', 'Orta', 5.5, '12/04/1997'),
('CVE-2019-1215', 'Orta', 6, '21/03/2012'),
('CVE-2019-1216', 'Dusuk', 0.9, '21/06/1993'),
('CVE-2019-1219', 'Dusuk', 0.9, '29/01/2003'),
('CVE-2019-1220', 'Dusuk', 1.5, '31/03/2014'),
('CVE-2019-1221', 'Orta', 6.9, '30/08/1997'),
('CVE-2019-1227', 'Dusuk', 0.9, '21/04/1995'),
('CVE-2019-1228', 'Dusuk', 0.9, '18/10/1991'),
('CVE-2019-1235', 'Orta', 5.5, '24/07/2013'),
('CVE-2019-1236', 'Orta', 6.9, '11/07/2017'),
('CVE-2019-1238', 'Dusuk', 3.7, '27/01/2009'),
('CVE-2019-1240', 'Yuksek', 8.8, '28/11/2010'),
('CVE-2019-1241', 'Yuksek', 8.8, '31/07/1991'),
('CVE-2019-1242', 'Yuksek', 8.8, '12/08/2012'),
('CVE-2019-1243', 'Yuksek', 8.8, '12/04/2011'),
('CVE-2019-1244', 'Dusuk', 1.5, '4/08/2016'),
('CVE-2019-1245', 'Dusuk', 1.5, '11/08/1998'),
('CVE-2019-1246', 'Yuksek', 8.8, '12/02/1994'),
('CVE-2019-1247', 'Yuksek', 8.8, '9/11/2000'),
('CVE-2019-1248', 'Yuksek', 8.8, '21/01/2016'),
('CVE-2019-1249', 'Yuksek', 8.8, '17/10/1992'),
('CVE-2019-1250', 'Yuksek', 8.8, '23/08/2010'),
('CVE-2019-1252', 'Dusuk', 1.5, '4/03/2019'),
('CVE-2019-1254', 'Dusuk', 0.9, '7/12/2016'),
('CVE-2019-1255', 'Dusuk', 1.7, '14/12/2013'),
('CVE-2019-1256', 'Orta', 5.5, '22/04/2005'),
('CVE-2019-12614', 'Dusuk', 1.6, '5/05/1995'),
('CVE-2019-1263', 'Dusuk', 1.5, '8/05/2007'),
('CVE-2019-1264', 'Orta', 4.4, '17/08/2015'),
('CVE-2019-1267', 'Orta', 5.5, '10/12/2004'),
('CVE-2019-1268', 'Orta', 5.5, '27/03/1993'),
('CVE-2019-1269', 'Orta', 5.5, '31/05/1991'),
('CVE-2019-1271', 'Orta', 5.5, '8/03/1992'),
('CVE-2019-12730', 'Orta', 5, '6/04/2009'),
('CVE-2019-12735', 'Yuksek', 9, '1/11/2003'),
('CVE-2019-1274', 'Dusuk', 0.9, '3/12/2011'),
('CVE-2019-12749', 'Dusuk', 1.8, '20/02/2017'),
('CVE-2019-12761', 'Dusuk', 3.5, '31/03/2009'),
('CVE-2019-12795', 'Dusuk', 2.7, '17/02/1997');
INSERT INTO `zafiyet` (`cve_kodu`, `cvss_ciddiyet`, `cvss_skor`, `yayinlanma`) VALUES
('CVE-2019-1280', 'Yuksek', 8.8, '8/04/2020'),
('CVE-2019-1282', 'Dusuk', 0.9, '6/10/1991'),
('CVE-2019-1283', 'Dusuk', 0.9, '8/10/1997'),
('CVE-2019-1284', 'Orta', 5.5, '10/06/1992'),
('CVE-2019-1285', 'Orta', 5.5, '8/02/2010'),
('CVE-2019-1286', 'Dusuk', 1.5, '30/05/2018'),
('CVE-2019-1287', 'Dusuk', 2.7, '16/02/2010'),
('CVE-2019-12874', 'Orta', 5, '21/08/1991'),
('CVE-2019-1290', 'Yuksek', 8.8, '20/07/1992'),
('CVE-2019-12900', 'Orta', 5, '15/01/1998'),
('CVE-2019-1291', 'Yuksek', 8.8, '17/02/2005'),
('CVE-2019-1293', 'Dusuk', 0.9, '13/08/1996'),
('CVE-2019-1297', 'Yuksek', 8.8, '19/09/2014'),
('CVE-2019-12974', 'Dusuk', 1.5, '29/08/2019'),
('CVE-2019-12975', 'Dusuk', 1.5, '29/07/1997'),
('CVE-2019-12976', 'Dusuk', 1.5, '4/08/2019'),
('CVE-2019-12977', 'Orta', 4.4, '17/09/2017'),
('CVE-2019-12978', 'Orta', 4.4, '14/11/2015'),
('CVE-2019-12979', 'Orta', 4.4, '24/12/1998'),
('CVE-2019-13917', 'Yuksek', 10, '24/11/2014'),
('CVE-2019-13962', 'Orta', 5, '27/12/2010'),
('CVE-2019-15030', 'Dusuk', 1.8, '15/07/1991'),
('CVE-2019-15031', 'Dusuk', 1.8, '22/11/2010'),
('CVE-2019-15098', 'Dusuk', 1.8, '21/01/2002'),
('CVE-2019-15117', 'Dusuk', 2.7, '5/11/2009'),
('CVE-2019-15118', 'Dusuk', 1.8, '16/12/1991'),
('CVE-2019-15139', 'Dusuk', 1.5, '15/07/2007'),
('CVE-2019-15140', 'Orta', 4.4, '12/12/2020'),
('CVE-2019-15142', 'Dusuk', 1.5, '28/06/2015'),
('CVE-2019-15143', 'Dusuk', 1.5, '12/07/2004'),
('CVE-2019-15144', 'Dusuk', 1.5, '30/11/2009'),
('CVE-2019-15145', 'Dusuk', 1.5, '6/02/2013'),
('CVE-2019-15165', 'Dusuk', 1.7, '18/02/2017'),
('CVE-2019-1543', 'Dusuk', 2.9, '17/03/1996'),
('CVE-2019-1547', 'Dusuk', 0.8, '5/03/2006'),
('CVE-2019-1549', 'Dusuk', 1.7, '17/03/2009'),
('CVE-2019-1559', 'Dusuk', 1.5, '6/02/1993'),
('CVE-2019-1563', 'Dusuk', 1.5, '18/08/2013'),
('CVE-2019-16168', 'Dusuk', 1.5, '20/08/2010'),
('CVE-2019-16275', 'Dusuk', 1.3, '9/03/2015'),
('CVE-2019-16680', 'Dusuk', 1.2, '1/07/2002'),
('CVE-2019-16708', 'Dusuk', 1.5, '19/11/1999'),
('CVE-2019-16709', 'Dusuk', 1.5, '20/05/2014'),
('CVE-2019-16710', 'Dusuk', 1.5, '19/06/2000'),
('CVE-2019-16711', 'Dusuk', 1.5, '18/02/2016'),
('CVE-2019-16713', 'Dusuk', 1.5, '12/11/2011'),
('CVE-2019-16746', 'Orta', 5, '4/12/2016'),
('CVE-2019-17402', 'Dusuk', 1.5, '17/07/2013'),
('CVE-2019-17498', 'Dusuk', 2.9, '21/03/1990'),
('CVE-2019-17542', 'Orta', 5, '12/03/2017'),
('CVE-2019-17544', 'Dusuk', 3.3, '27/01/2001'),
('CVE-2019-17546', 'Orta', 4.4, '8/11/1992'),
('CVE-2019-17666', 'Yuksek', 7.6, '30/03/1990'),
('CVE-2019-18804', 'Dusuk', 1.7, '12/02/2004'),
('CVE-2019-2455', 'Dusuk', 0.9, '27/09/1992'),
('CVE-2019-2481', 'Dusuk', 0.9, '17/08/1991'),
('CVE-2019-2486', 'Dusuk', 0.9, '8/04/1994'),
('CVE-2019-2503', 'Dusuk', 1.2, '8/09/1994'),
('CVE-2019-2507', 'Dusuk', 0.9, '10/01/2000'),
('CVE-2019-2510', 'Dusuk', 0.9, '29/03/2017'),
('CVE-2019-2528', 'Dusuk', 0.9, '16/06/2005'),
('CVE-2019-2529', 'Dusuk', 0.9, '26/08/1993'),
('CVE-2019-2531', 'Dusuk', 0.9, '16/06/2004'),
('CVE-2019-2532', 'Dusuk', 0.9, '4/02/2008'),
('CVE-2019-2534', 'Dusuk', 1.8, '7/01/1992'),
('CVE-2019-2537', 'Dusuk', 0.9, '26/07/2016'),
('CVE-2019-2805', 'Dusuk', 0.9, '26/02/2007'),
('CVE-2019-2816', 'Dusuk', 2.9, '17/09/2019'),
('CVE-2019-2819', 'Dusuk', 1.8, '18/05/2017'),
('CVE-2019-2842', 'Dusuk', 1.5, '6/09/2009'),
('CVE-2019-2894', 'Dusuk', 1.5, '15/05/2013'),
('CVE-2019-2910', 'Dusuk', 1.5, '25/12/1997'),
('CVE-2019-2911', 'Dusuk', 0.9, '10/09/1996'),
('CVE-2019-2914', 'Dusuk', 0.9, '7/05/2008'),
('CVE-2019-2920', 'Dusuk', 1.7, '6/03/1993'),
('CVE-2019-2922', 'Dusuk', 1.7, '17/12/2001'),
('CVE-2019-2923', 'Dusuk', 1.7, '31/01/2001'),
('CVE-2019-2924', 'Dusuk', 1.7, '26/05/2004'),
('CVE-2019-2933', 'Dusuk', 1.5, '1/06/1997'),
('CVE-2019-2938', 'Dusuk', 0.8, '27/12/2014'),
('CVE-2019-2945', 'Dusuk', 1.2, '13/07/2003'),
('CVE-2019-2946', 'Dusuk', 0.9, '12/11/2018'),
('CVE-2019-2948', 'Dusuk', 0.9, '3/09/1994'),
('CVE-2019-2949', 'Dusuk', 1.5, '14/02/2017'),
('CVE-2019-2950', 'Dusuk', 0.9, '18/07/2009'),
('CVE-2019-2957', 'Dusuk', 0.9, '13/11/2014'),
('CVE-2019-2958', 'Dusuk', 1.5, '18/01/1991'),
('CVE-2019-2960', 'Dusuk', 0.9, '2/08/1993'),
('CVE-2019-2962', 'Dusuk', 1.5, '4/12/2006'),
('CVE-2019-2963', 'Dusuk', 0.9, '22/11/2009'),
('CVE-2019-2964', 'Dusuk', 1.5, '26/11/1997'),
('CVE-2019-2966', 'Dusuk', 0.9, '13/12/2004'),
('CVE-2019-2967', 'Dusuk', 0.9, '23/06/2002'),
('CVE-2019-2968', 'Dusuk', 0.9, '13/07/2018'),
('CVE-2019-2969', 'Dusuk', 0.9, '2/10/2007'),
('CVE-2019-2973', 'Dusuk', 1.5, '24/12/1999'),
('CVE-2019-2974', 'Dusuk', 0.9, '2/03/1990'),
('CVE-2019-2975', 'Dusuk', 2.9, '18/09/2020'),
('CVE-2019-2978', 'Dusuk', 1.5, '21/06/2011'),
('CVE-2019-2981', 'Dusuk', 1.5, '21/08/1995'),
('CVE-2019-2982', 'Dusuk', 0.9, '23/12/2004'),
('CVE-2019-2983', 'Dusuk', 1.5, '30/04/1994'),
('CVE-2019-2987', 'Dusuk', 1.5, '27/03/2008'),
('CVE-2019-2988', 'Dusuk', 1.5, '19/12/2001'),
('CVE-2019-2989', 'Dusuk', 1.5, '1/11/2015'),
('CVE-2019-2991', 'Dusuk', 1.8, '26/05/2020'),
('CVE-2019-2992', 'Dusuk', 1.5, '28/03/1998'),
('CVE-2019-2993', 'Dusuk', 0.8, '12/10/2002'),
('CVE-2019-2997', 'Dusuk', 0.9, '21/02/2016'),
('CVE-2019-2998', 'Dusuk', 0.9, '24/04/2009'),
('CVE-2019-2999', 'Dusuk', 2.3, '20/08/2019'),
('CVE-2019-3815', 'Dusuk', 0.9, '18/03/1994'),
('CVE-2019-3819', 'Dusuk', 1.8, '12/03/1990'),
('CVE-2019-3822', 'Orta', 5, '18/01/2004'),
('CVE-2019-3823', 'Dusuk', 1.7, '27/08/2006'),
('CVE-2019-3824', 'Dusuk', 0.9, '2/02/1997'),
('CVE-2019-3829', 'Dusuk', 1.7, '13/10/2004'),
('CVE-2019-3832', 'Dusuk', 0.8, '31/07/2019'),
('CVE-2019-3835', 'Dusuk', 1.5, '16/10/2019'),
('CVE-2019-3836', 'Dusuk', 1.7, '12/01/2019'),
('CVE-2019-3838', 'Dusuk', 1.5, '9/03/2006'),
('CVE-2019-3839', 'Orta', 4.4, '20/09/2006'),
('CVE-2019-3842', 'Dusuk', 2.7, '26/09/2002'),
('CVE-2019-3846', 'Yuksek', 7.6, '2/02/2006'),
('CVE-2019-3855', 'Yuksek', 8.8, '30/01/2010'),
('CVE-2019-3856', 'Orta', 4.4, '24/01/2013'),
('CVE-2019-3857', 'Orta', 4.4, '13/09/2003'),
('CVE-2019-3858', 'Dusuk', 3.3, '29/12/2004'),
('CVE-2019-3859', 'Dusuk', 3.3, '12/06/2017'),
('CVE-2019-3860', 'Dusuk', 3.3, '1/07/2002'),
('CVE-2019-3861', 'Dusuk', 3.3, '20/04/1999'),
('CVE-2019-3862', 'Dusuk', 3.3, '16/11/2012'),
('CVE-2019-3863', 'Orta', 4.4, '3/09/1993'),
('CVE-2019-3874', 'Dusuk', 1.3, '29/03/1998'),
('CVE-2019-3880', 'Dusuk', 1.8, '29/06/2011'),
('CVE-2019-3882', 'Dusuk', 1.8, '11/04/1997'),
('CVE-2019-5010', 'Dusuk', 1.7, '4/06/2007'),
('CVE-2019-5018', 'Orta', 4.4, '24/05/2012'),
('CVE-2019-5051', 'Orta', 4.4, '4/11/2020'),
('CVE-2019-5052', 'Orta', 4.4, '1/01/1997'),
('CVE-2019-5068', 'Dusuk', 1.8, '15/03/2007'),
('CVE-2019-5094', 'Dusuk', 2.7, '25/09/2016'),
('CVE-2019-5435', 'Dusuk', 1.5, '18/07/2017'),
('CVE-2019-5436', 'Dusuk', 2.7, '17/12/2019'),
('CVE-2019-5439', 'Dusuk', 1.5, '25/02/2017'),
('CVE-2019-6454', 'Dusuk', 1.8, '23/12/1990'),
('CVE-2019-6465', 'Dusuk', 1.5, '3/05/2017'),
('CVE-2019-7303', 'Dusuk', 1.7, '19/11/2011'),
('CVE-2019-7304', 'Yuksek', 10, '17/12/2010'),
('CVE-2019-7307', 'Dusuk', 2.4, '24/09/2016'),
('CVE-2019-7310', 'Orta', 4.4, '12/09/1993'),
('CVE-2019-7314', 'Orta', 5, '11/03/1991'),
('CVE-2019-7317', 'Dusuk', 1.2, '1/12/2016'),
('CVE-2019-7395', 'Dusuk', 1.7, '1/12/2000'),
('CVE-2019-7396', 'Dusuk', 1.7, '8/11/1995'),
('CVE-2019-7397', 'Dusuk', 1.7, '12/08/2001'),
('CVE-2019-7398', 'Dusuk', 1.7, '8/08/1991'),
('CVE-2019-7635', 'Orta', 4.4, '27/06/1991'),
('CVE-2019-7636', 'Orta', 4.4, '19/02/2020'),
('CVE-2019-7637', 'Orta', 4.4, '30/05/1993'),
('CVE-2019-7638', 'Orta', 4.4, '24/04/1990'),
('CVE-2019-7663', 'Dusuk', 1.5, '12/02/2018'),
('CVE-2019-7665', 'Dusuk', 1.5, '8/09/2019'),
('CVE-2019-7837', 'Yuksek', 8.8, '26/07/1999'),
('CVE-2019-7845', 'Orta', 4.4, '1/07/2017'),
('CVE-2019-8675', 'Dusuk', 1.7, '20/09/2011'),
('CVE-2019-8696', 'Dusuk', 1.7, '14/10/1994'),
('CVE-2019-9903', 'Dusuk', 1.5, '27/06/1998'),
('CVE-2019-9924', 'Orta', 5.5, '25/03/2006'),
('CVE-2019-9928', 'Orta', 4.4, '15/07/2005'),
('CVE-2019-9936', 'Dusuk', 1.7, '26/09/2001'),
('CVE-2019-9937', 'Dusuk', 1.7, '11/11/1990'),
('CVE-2019-9947', 'Dusuk', 1.5, '14/03/1998'),
('CVE-2019-9948', 'Dusuk', 3.3, '3/05/2017'),
('CVE-2019-9956', 'Orta', 4.4, '30/06/2013'),
('CVE-2019-9959', 'Dusuk', 1.5, '3/05/2004'),
('CVE-2020-1720', 'Dusuk', 0.8, '12/03/2001');

--
-- Dökümü yapılmış tablolar için kısıtlamalar
--

--
-- Tablo kısıtlamaları `baglanti`
--
ALTER TABLE `baglanti`
  ADD CONSTRAINT `baglanti_ibfk_1` FOREIGN KEY (`yazilim_id`) REFERENCES `yazilim` (`yazilim_id`) ON DELETE CASCADE ON UPDATE CASCADE,
  ADD CONSTRAINT `baglanti_ibfk_3` FOREIGN KEY (`isletim_id`) REFERENCES `isletim` (`isletim_id`) ON DELETE CASCADE ON UPDATE CASCADE,
  ADD CONSTRAINT `baglanti_ibfk_4` FOREIGN KEY (`ip`) REFERENCES `cihaz` (`ip`) ON DELETE CASCADE ON UPDATE CASCADE,
  ADD CONSTRAINT `baglanti_ibfk_5` FOREIGN KEY (`cve_kodu`) REFERENCES `zafiyet` (`cve_kodu`) ON DELETE CASCADE ON UPDATE CASCADE;

--
-- Tablo kısıtlamaları `cihaz`
--
ALTER TABLE `cihaz`
  ADD CONSTRAINT `cihaz_ibfk_1` FOREIGN KEY (`konum_id`) REFERENCES `konum` (`konum_id`) ON DELETE CASCADE ON UPDATE CASCADE;
COMMIT;

/*!40101 SET CHARACTER_SET_CLIENT=@OLD_CHARACTER_SET_CLIENT */;
/*!40101 SET CHARACTER_SET_RESULTS=@OLD_CHARACTER_SET_RESULTS */;
/*!40101 SET COLLATION_CONNECTION=@OLD_COLLATION_CONNECTION */;
